Date,Year,Month,Coast,Site,Cause,InitialStatus,FinalStatus,Sex,SCL,CCL,SCW,CCW,Plastron,Tumor,Lat,Long
1983-10-13,1983,October,East,South Point,human take,D,D,F,,,,,,U,18.9125,-155.6767
1984-01-08,1984,January,East,South Point,line,A,A,U,40.504,43,,,,N,18.9125,-155.6767
1984-02-17,1984,February,East,Punaluu,net,A,A,U,41.3,44.5,33,39.2,33.8,N,19.133,-155.505
1984-03-26,1984,March,East,Punaluu,line,A,A,U,38.1,,30.1,35.5,28,N,19.133,-155.505
1984-05-09,1984,May,East,Hilo (Keaukaha),unknown,D,D,U,,,,,,N,19.732,-155.046
1984-07-16,1984,July,East,Punaluu Black Sand Beach Park,human take,D,D,U,,,,,,U,19.135,-155.503
1984-11-04,1984,November,East,Punaluu Black Sand Beach Park (Ninole Cove),human take,D,D,U,,,,,,N,19.1283,-155.5087
1985-07-03,1985,July,East,Honolii,human take,D,D,U,,,,,,U,19.757,-155.09
1985-07-03,1985,July,East,Honolii,human take,D,D,U,,,,,,U,19.757,-155.09
1985-07-03,1985,July,East,Honolii,human take,D,D,U,,,,,,U,19.757,-155.09
1985-08-05,1985,August,East,Hilo Bay,fibropapillomatosis,D,D,U,,,,,,Y,19.737,-155.071
1985-08-09,1985,August,East,Hilo Bay (Coconut Island),miscellaneous,A,D,U,,,,,,N,19.7296,-155.0684
1985-11-21,1985,November,East,Hilo (Liliuokalani Park and Gardens Pond),fibropapillomatosis,A,A,U,45.069,48,,,,Y,19.727,-155.069
1986-01-31,1986,January,East,Hilo (4 Mile Beach/James Kealoha Park),net,D,D,F,97.5,,,,,U,19.7343,-155.0298
1986-05-23,1986,May,East,Hilo Bay,unknown,A,A,U,35.939,38,,,,N,,
1986-05-23,1986,May,East,Hilo,unknown,A,A,U,35.939,38,,35.6,,N,19.725,-155.087
1986-07-04,1986,July,East,Punaluu Black Sand Beach Park,human take,A,A,U,,,,,,U,19.1357,-155.5047
1987-10-28,1987,October,East,Hilo Harbor,unknown,D,D,F,,,,,,U,19.731,-155.053
1988-09-01,1988,September,East,Pololu Valley Beach,unknown,D,D,M,,,,,,N,20.203,-155.73
1988-09-23,1989,September,East,Hilo Harbor,unknown,D,D,F,77.7544,83.8,,,,Y,19.731,-155.053
1989-01-03,1989,January,East,Hilo Bay,fibropapillomatosis,A,A,U,,,,,,Y,19.737,-155.071
1989-01-05,1989,January,East,Hilo Bay,unknown,A,A,U,,,,,,Y,,
1989-04-20,1989,April,East,Hilo,unknown,D,D,U,,,,,,N,19.725,-155.087
1989-08-28,1989,August,East,Wailoa River,human take,A,A,U,,,,,,U,19.722,-155.07
1989-09-12,1989,September,East,Reeds Bay,human take,D,D,F,75.198,81,,,,N,19.725,-155.059
1989-10-31,1989,October,East,Onekahakaha Beach Park,unknown,D,D,U,,,,,,N,19.738,-155.038
1990-04-28,1990,April,East,Hilo,line,A,A,U,42.7865,45.5,,,,N,19.725,-155.087
1990-06-19,1990,June,East,Hilo Breakwater,unknown,A,A,U,49.634,53,,45,,N,,
1990-06-19,1990,June,East,Keaukaha Pond,unknown,A,A,U,49.634,53,,45,,N,19.732,-155.046
1990-07-12,1990,July,East,Wailuku River,unknown,A,A,U,,,,,,Y,19.728,-155.088
1990-07-17,1990,July,East,Punaluu,unknown,A,A,U,19.8,21,16.4,19,17.4,N,,
1990-07-25,1990,July,East,Puna/Shipman Estate,unknown,A,A,U,,,,,,Y,19.644,-154.982
1991-04-17,1991,April,East,Hawi (Pahoa Beach),unknown,D,D,M,39.7,42.5,,,,N,20.259,-155.818
1991-04-17,1991,April,East,Hawi (Pahoa Beach),unknown,D,D,F,37.9,40,,,,N,20.259,-155.818
1991-07-01,1991,July,East,Puna,unknown,D,D,U,,,,,,N,19.47,-154.829
1991-07-18,1991,July,East,Punaluu Bay,unknown,D,D,U,39.2,41.5,,,,N,19.135,-155.503
1992-02-09,1992,February,East,Kapoho Bay,fibropapillomatosis,A,A,U,,,,,,Y,19.488,-154.818
1992-09-16,1992,September,East,Keaukaha (Richardson Park),miscellaneous,A,D,F,39.4,43,32.3,38.5,31.9,N,19.732,-155.046
1992-09-18,1992,September,East,Keaukaha (Richardson Park),unknown,D,D,F,48.3,52,39.1,46.5,40.8,Y,19.732,-155.046
1992-12-31,1992,December,East,Kapoho,unknown,A,A,U,,,,,,Y,19.491,-154.818
1993-02-02,1993,February,East,Hilo Bay (Coconut Island),line,A,D,F,46.4,49,37,44.5,38,Y,19.728,-155.068
1993-02-15,1993,February,East,Kapoho Beach Lots,human take,D,D,U,,,,,,Y,19.488,-154.818
1993-02-19,1993,February,East,Wailua River,unknown,D,D,F,82.4107,88.9,,86.4,,Y,19.722,-155.07
1993-02-24,1993,February,East,Hilo Bay,human take,D,D,U,43.3,,46.4,,,U,19.737,-155.071
1993-02-24,1993,February,East,Hilo Bay,human take,D,D,U,41.5,,35,,,U,19.737,-155.071
1993-03-09,1993,March,East,Kapoho Bay,unknown,A,A,U,,,,,,Y,19.488,-154.818
1993-04-01,1993,April,East,Kapoho,unknown,A,A,U,,,,,,U,19.491,-154.818
1993-06-02,1993,June,East,Onekahakaha Beach Park,unknown,A,A,U,48,,45,,,N,19.738,-155.038
1993-07-30,1993,July,East,Hilo,fibropapillomatosis,D,D,U,99,,,,,Y,19.725,-155.087
1993-08-10,1993,August,East,Hilo (Naniloa Hotel),unknown,D,D,U,,,,,,U,19.724,-155.059
1993-09-27,1993,September,East,Hilo Bay,unknown,A,A,U,59.677,64,,,,N,,
1994-01-31,1994,January,East,Puhi Bay,line,A,A,U,,,,,,N,19.74,-155.054
1994-01-31,1994,January,East,Puhi Bay,line,A,A,U,,,,,,N,19.74,-155.054
1994-04-10,1994,April,East,Hilo (Richardson Ocean Center),unknown,U,D,M,45.3,48.5,36.3,43.5,36.4,Y,19.736,-155.009
1994-05-12,1994,May,East,Hawi (Pahoa Beach),unknown,D,D,U,,,,,,U,20.259,-155.818
1994-06-29,1994,June,East,Pohoiki Boat Ramp,boat impact,A,A,U,,,,,,N,19.458,-154.842
1994-07-10,1994,July,East,Kaaawa Bay,unknown,D,D,U,,,,,,Y,19.113,-155.525
1994-07-11,1994,July,East,Kaaawa Bay,unknown,D,D,U,,,,,,N,19.113,-155.525
1994-10-05,1994,October,East,Keaukaha Beach,unknown,D,D,U,,,,,,N,19.732,-155.046
1994-10-19,1994,October,East,Keaau Bay,unknown,A,A,U,62.416,67,,,,Y,19.644,-154.982
1994-11-03,1994,November,East,Hilo (Richardson Ocean Center),unknown,D,D,U,,,,,,Y,19.736,-155.009
1994-11-23,1994,November,East,Hilo (Richardson Ocean Center),unknown,A,A,U,,,,,,Y,19.736,-155.009
1995-03-31,1995,March,East,Hilo Bay (Coconut Island),unknown,D,D,U,,,,,,N,19.728,-155.068
1995-04-07,1995,April,East,Hilo (Liliuokalani Park and Gardens),unknown,D,D,U,,,,,,U,19.726,-155.071
1995-06-22,1995,June,East,Kapoho Beach Lots,unknown,A,A,U,,,,,,N,19.488,-154.818
1995-06-26,1995,June,East,Puna Beach Lots (Pahoa),unknown,A,A,U,,,,,,U,19.5,-154.821
1995-07-03,1995,July,East,South Point,unknown,D,D,U,,,,,,N,18.91,-155.667
1995-07-10,1995,July,East,Hilo (Carlsmith Beach Park),net,A,A,U,,,,,,U,19.734,-155.028
1995-07-18,1995,July,East,Kapoho,miscellaneous,A,D,M,68.4,74,54.7,66,52.5,Y,19.491,-154.818
1995-07-20,1995,July,East,Onekahakaha Beach Park,unknown,A,A,U,,,,,,N,19.738,-155.038
1995-07-26,1995,July,East,Kapoho Beach Lots,line,A,A,U,,,,,,N,19.488,-154.818
1995-08-03,1995,August,East,Kapoho,line,D,D,U,,,,,,N,19.491,-154.818
1995-08-09,1995,August,East,Onekahakaha Beach Park,unknown,A,A,U,,,,,,U,19.738,-155.038
1995-10-14,1995,October,East,Punaluu Black Sand Beach Park,unknown,D,D,U,,,,,,N,19.135,-155.503
1996-01-29,1996,January,East,Kealoha Beach Park,unknown,D,D,U,,,,,,U,19.738,-155.036
1996-07-01,1996,July,East,Hilo Yacht Club,unknown,D,D,U,,,,,,U,19.735,-155.031
1996-09-23,1996,September,East,Hilo Harbor,unknown,U,U,U,,,,,,U,19.731,-155.053
1996-10-29,1996,October,East,Richardson Ocean Center,unknown,A,A,U,,,,,,Y,,
1996-10-29,1996,October,East,Hilo (Richardson Ocean Center),unknown,A,A,U,,,,,,Y,19.736,-155.009
1997-04-04,1997,April,East,Keaukaha,unknown,A,A,U,,,,,,Y,19.732,-155.046
1997-06-04,1997,June,East,Hilo (Richardson Ocean Center),fibropapillomatosis,A,D,F,56.5,61,44.2,52.5,44,Y,19.736,-155.009
1997-12-23,1997,December,East,Pohoiki Beach,unknown,A,A,U,,,,,,Y,19.458,-154.842
1998-02-08,1998,February,East,Hilo Harbor,net,A,A,U,,,,,,U,19.731,-155.053
1998-03-30,1998,March,East,Keaukaha Beach,unknown,A,D,U,,,,,,Y,19.732,-155.046
1998-04-26,1998,April,East,Wailoa Boat Harbor,unknown,D,D,U,,,,,,U,19.722,-155.07
1998-06-01,1998,June,East,Hilo (Richardson Ocean Center),unknown,A,A,U,,,,,,Y,19.736,-155.009
1998-06-16,1998,June,East,Hilo (Richardson Ocean Center),unknown,D,D,U,,,,,,U,19.736,-155.009
1998-07-15,1998,July,East,Hilo Bay (Coconut Island),unknown,U,U,U,,,,,,U,19.728,-155.068
1998-08-31,1998,August,East,Hilo Harbor,line,D,D,U,,,,,,U,19.731,-155.053
1998-10-11,1998,October,East,Kapoho Beach Lots,unknown,A,A,U,,,,,,Y,19.488,-154.818
1999-02-23,1999,February,East,Hilo (Richardson Beach Park),unknown,A,A,U,,,,,,Y,19.735,-155.014
1999-04-08,1999,April,East,Puna,fibropapillomatosis,D,D,U,,,,,,Y,19.47,-154.829
1999-06-05,1999,June,East,Hilo Yacht Club,unknown,D,D,U,73.6,,57.6,,57.4,N,19.735,-155.031
1999-08-11,1999,August,East,Punaluu Black Sand Beach Park,line,A,A,U,,,,,,N,19.135,-155.503
1999-10-26,1999,October,East,Hilo (Richardson Beach Park),fibropapillomatosis,A,A,U,75.8,80.5,60.6,75,58.8,Y,19.735,-155.014
1999-10-27,1999,October,East,Hilo (Richardson Beach Park),unknown,A,D,F,63.7,68.5,50.6,59.5,51.2,Y,19.735,-155.014
1999-12-10,1999,December,East,Punaluu,unknown,D,D,F,48.9,52,36.2,44.7,39.1,N,19.135,-155.503
1999-12-14,1999,December,East,Punaluu Black Sand Beach Park,fibropapillomatosis,A,A,U,67.7,72,52.4,65.5,51.4,Y,19.135,-155.503
2000-01-28,2000,January,East,Hilo (4 Mile Beach),unknown,A,D,M,77.9,83.5,62.9,77,61.7,Y,19.734,-155.041
2000-02-06,2000,February,East,Betw. Banyan Dr./Hilo Hawaiian,unknown,A,A,U,,,,,,U,19.728,-155.067
2000-02-11,2000,February,East,Kapoho,unknown,D,D,M,80.2,83.5,62.3,80.5,64.4,N,19.491,-154.818
2000-03-21,2000,March,East,Hilo (Liliuokalani Park and Gardens),line,A,A,U,,,,,,U,19.726,-155.071
2000-05-11,2000,May,East,Kapoho Beach Lots,unknown,A,A,U,,,,,,Y,19.488,-154.818
2001-02-14,2001,February,East,Hilo Bay (Radio Bay),unknown,A,D,F,81.2,86.5,63.7,80.5,64.9,Y,19.731,-155.053
2001-06-30,2001,June,East,Kawa,shark attack,A,A,U,67.4,73.5,52,69,56,N,19.113,-155.525
2001-09-01,2001,September,East,Punaluu Black Sand Beach Park,line,A,A,U,,,,,,U,19.135,-155.503
2001-09-28,2001,September,East,Punaluu Black Sand Beach Park,line,A,A,M,76.111,82,,,,N,19.135,-155.503
2001-10-11,2001,October,East,Hilo (Hawaii Yacht Club),unknown,A,D,F,55.1,59,44.2,53.5,44.5,Y,19.735,-155.031
2002-04-28,2002,April,East,Keaukaha (Lihikai Park),fibropapillomatosis,D,D,U,,,,,,Y,19.734,-155.04
2002-05-23,2002,May,East,Hilo,fibropapillomatosis,A,D,M,41.9,44,33.8,40,33.8,Y,19.725,-155.087
2002-06-17,2002,June,East,Kapoho (Champagne Pond),unknown,D,D,M,51.8,56,40.1,48.2,41.8,N,19.493,-154.819
2002-06-23,2002,June,East,Kaalualu,unknown,D,D,F,,,,,,N,18.973,-155.607
2002-07-08,2002,July,East,Hawaiian Beaches Park,unknown,D,D,U,,,,,,U,19.556,-154.886
2002-07-15,2002,July,East,Punaluu headed toward Kamehame,unknown,D,D,U,,,,,,U,19.135,-155.503
2002-07-17,2002,July,East,Pohoiki Boat Ramp,human take,D,D,M,46.9,50,37.4,46.5,38.3,N,19.458,-154.842
2002-07-30,2002,July,East,Hilo (4 Mile Beach),unknown,A,D,F,61.2,65.5,48.4,58.5,47.8,Y,19.735,-155.04
2002-10-21,2002,October,East,Kapoho Beach Lots,line,A,A,U,61.9595,66.5,,57.5,,N,19.488,-154.818
2002-12-29,2002,December,East,Hilo (Richardson Ocean Center),unknown,A,A,U,,,,,,N,19.736,-155.009
2003-01-15,2003,January,East,Kapoho (Champagne Pond),line,A,A,U,,,,,,N,19.493,-154.819
2003-02-20,2003,February,East,Puhi Bay (Keaukaha),line,A,D,M,68.6,74,64.2,66.5,54.9,Y,19.727,-155.041
2003-02-21,2003,February,East,Ka'u (Whittington Bch. Pk.),line,A,A,U,,,,,,N,19.085,-155.539
2003-04-08,2003,April,East,Hilo (Richardson Ocean Center),unknown,A,A,U,,,,,,Y,19.736,-155.009
2003-05-29,2003,May,East,Punaluu Black Sand Beach Park,unknown,A,A,U,62.7,67.5,49,63.5,50.6,N,19.135,-155.503
2003-06-11,2003,June,East,Hilo (Reeds Bay),line,D,D,M,39.5,42.5,31.7,37.5,31.2,N,19.725,-155.059
2003-06-11,2003,June,East,Kapoho (Blind Inlet),fibropapillomatosis,A,D,F,59,62.5,,,,Y,19.493,-154.819
2003-07-10,2003,July,East,Hilo (Liliuokalani Park and Gardens),unknown,D,D,U,60.59,65,,,,Y,19.726,-155.071
2003-07-27,2003,July,East,Punaluu Black Sand Beach Park,unknown,A,A,U,,,,,,U,19.135,-155.503
2003-08-08,2003,August,East,Punaluu Black Sand Beach Park,unknown,A,A,U,54.3,59,44,53,44,N,19.135,-155.503
2003-08-20,2003,August,East,Hilo (4 Mile Beach),unknown,D,D,F,72,79,57.9,70,58.3,N,19.734,-155.041
2003-10-08,2003,October,East,"Hilo (Queen Liliuokalani Park and Gardens, Pawai Bay)",unknown,D,D,M,42.6,44.5,32.8,39,33,N,19.642,-156.02
2003-12-05,2003,December,East,Hilo (Richardson Ocean Center),unknown,A,D,M,49.7,52.5,37.9,44,39.9,Y,19.736,-155.009
2004-02-29,2004,February,East,Hilo (Bayfront),shark attack,D,D,U,,,,,,U,19.721,-155.072
2004-03-29,2004,March,East,Hilo Bay,fibropapillomatosis,D,D,F,64.5,70,51.4,63,53,Y,19.737,-155.071
2004-03-30,2004,March,East,Hilo (Richardson Ocean Center),fibropapillomatosis,A,A,U,57.8,62,47.6,58,45.5,Y,19.736,-155.009
2004-03-31,2004,March,East,Hilo (Richardson Ocean Center),unknown,A,D,M,71.5,76.5,57.4,69,56.6,Y,19.736,-155.009
2004-04-29,2004,April,East,Hilo (4 Mile Beach),fibropapillomatosis,A,A,U,,,,,,Y,19.734,-155.041
2004-06-04,2004,June,East,Kapoho (Waiopae Tidepool),fibropapillomatosis,A,A,U,,,,,,Y,19.493,-154.819
2004-06-14,2004,June,East,Kapoho,line,A,A,U,,,,,,N,19.491,-154.818
2004-07-08,2004,July,East,Kamehame,unknown,A,D,M,57.4,63.5,48.8,59.5,49.3,Y,19.14,-155.468
2004-07-16,2004,July,East,Kamehame,unknown,A,D,F,46.4,49.5,37,43.5,38,Y,19.14,-155.468
2004-08-02,2004,August,East,Kamehame,fibropapillomatosis,A,A,U,53,56,,,,Y,19.14,-155.468
2004-08-04,2004,August,East,Kamehame,fibropapillomatosis,A,A,U,66.5,74.5,,,,Y,19.14,-155.468
2004-09-14,2004,September,East,Kamehame,unknown,A,A,U,47.808,51,,47,,N,19.14,-155.468
2004-09-20,2004,September,East,Kamehame,fibropapillomatosis,A,A,U,67.2,73.5,51.7,62,,Y,19.14,-155.468
2005-01-10,2005,January,East,Hilo (Richardson Ocean Center),unknown,A,D,F,63.4,68,52.2,63.5,48.9,Y,19.736,-155.009
2005-01-14,2005,January,East,Hilo (Lalakea),unknown,A,D,M,56.7,63.5,43.4,52.5,43.6,Y,19.733,-155.018
2005-02-12,2005,February,East,Hilo (Wainaku),net,A,A,U,,,,,,N,19.741,-155.087
2005-03-09,2005,March,East,Punaluu (Ninole Cove),unknown,D,D,U,,,,,,Y,19.124,-155.506
2005-05-09,2005,May,East,Hilo (Richardson Beach Park),line,A,D,M,52.5,56,41.1,51,42.2,Y,19.735,-155.014
2005-05-17,2005,May,East,Hilo (Richardson Beach Park),unknown,A,D,M,71.2,77,58.6,73.5,58.4,Y,19.735,-155.014
2005-06-10,2005,June,East,Kapoho,unknown,A,A,U,,,,,,Y,19.491,-154.818
2005-06-14,2005,June,East,Punaluu Black Sand Beach Park,line,A,A,U,63.8,68.5,51.8,63.5,50.1,Y,19.131,-155.51
2005-07-28,2005,July,East,Keaau,human take,A,A,F,81.2238,87.6,,80,,N,19.603,-155.023
2005-08-03,2005,August,East,Punaluu Black Sand Beach Park,line,A,A,U,64.5,70,52,63.5,52.1,N,19.135,-155.503
2005-08-05,2005,August,East,Punaluu,unknown,A,A,U,,,,,,N,,
2005-09-08,2005,September,East,Hilo (Shipman Estate),unknown,A,A,U,57.5,61,45.9,53.5,46.2,N,19.722,-155.09
2005-10-03,2005,October,East,Hilo (Richardson Beach Park),fibropapillomatosis,A,D,M,,,46.2,53.5,45,Y,19.735,-155.014
2006-01-20,2006,January,East,Hilo (Richardson Beach Park),unknown,A,D,M,56.4,60,42.5,51,,Y,19.735,-155.014
2006-04-08,2006,April,East,Hilo Bay (Coconut Island),line,A,A,U,,,,,,N,19.728,-155.068
2006-08-02,2006,August,East,Punaluu Black Sand Beach Park,line,A,A,U,70.633,76,,,,N,19.135,-155.503
2006-09-23,2006,September,East,Puhi Bay (Keaukaha),unknown,A,A,U,,,,,,Y,19.734,-155.041
2006-09-23,2006,September,East,Kapoho (Waiopae Tidepool),line,A,A,U,,,,,,Y,19.493,-154.819
2007-01-08,2007,January,East,Hilo (Richardson Beach Park),unknown,A,D,M,53.5,56.5,45.1,53,44,Y,19.735,-155.014
2007-01-17,2007,January,East,Hilo (Richardson Beach Park),unknown,A,D,F,52.7,57,42.9,51,42.9,Y,19.735,-155.014
2007-01-24,2007,January,East,Hilo Hawaiian Hotel,unknown,D,D,U,,,,,,N,19.728,-155.067
2007-02-26,2007,February,East,Kapoho,unknown,A,A,U,70.9,77.5,53.6,67,55.8,Y,19.491,-154.818
2007-02-28,2007,February,East,Kapoho,unknown,A,A,U,,,,,,Y,,
2007-03-11,2007,March,East,Hilo (Richardson Beach Park),fibropapillomatosis,A,D,F,43.5,47,33.2,39.5,33.1,Y,19.735,-155.013
2007-03-26,2007,March,East,Hilo (4 Mile Beach),net,A,D,M,75.6,83,58.2,74,57,Y,19.734,-155.027
2007-04-02,2007,April,East,Pohoiki,unknown,D,D,F,38.7,41,30.2,37.5,32,N,19.458,-154.842
2007-04-24,2007,April,East,Hilo Yacht Club,unknown,A,A,U,74.285,80,,,,N,19.735,-155.031
2007-04-30,2007,April,East,Hilo (Naniloa Hotel),line,D,D,F,37,39.5,29.6,34.5,30.9,N,19.724,-155.059
2007-06-18,2007,June,East,Hilo Bay,unknown,D,D,U,,,,,,U,19.737,-155.071
2007-07-12,2007,July,East,Hilo Bay,unknown,D,D,U,,,,,,U,19.737,-155.071
2007-09-09,2007,September,East,South Point,line,D,D,F,36.4,38,28.3,32.5,29.5,N,18.91,-155.667
2007-10-29,2007,October,East,Hilo (Richardson Beach Park),fibropapillomatosis,A,D,F,56,59.5,44.8,53.5,43.6,Y,19.737,-155.013
2007-10-31,2007,October,East,Kamehame,shark attack,D,D,M,64.9,69.5,,,52.5,N,19.14,-155.468
2007-11-06,2007,November,East,Punaluu Black Sand Beach Park,line,A,A,U,55.6,60,46.8,52.5,43,N,19.135,-155.503
2007-12-26,2007,December,East,Hilo,unknown,U,D,U,,,,,,U,19.737,-155.071
2008-03-27,2008,March,East,Kapoho (Champagne Pond),unknown,D,D,F,83.9,89.5,63.9,79,67.9,N,19.4994,-154.8211
2008-05-02,2008,May,East,Hilo (Carlsmith Beach Park/Four Miles),unknown,D,D,M,87.6,94.5,68.7,86,67.4,N,19.734,-155.03
2008-07-11,2008,July,East,Hilo (Liliuokalani Park and Gardens),line,A,D,M,42.8,46,34.5,40,34.4,N,19.726,-155.071
2008-07-20,2008,July,East,Pohoiki Boat Ramp,unknown,D,D,U,97.11,105,,,,N,19.458,-154.842
2008-07-23,2008,July,East,Punaluu,unknown,A,D,M,63.7,67.5,48.3,60,51.3,Y,19.133,-155.505
2008-10-03,2008,October,East,Hilo Harbor,net,D,D,U,77,,,,,N,19.731,-155.053
2008-10-09,2008,October,East,Hilo (Keaukaha - Brown's Beach),boat impact,D,D,U,62.4,66,51,60.5,48.7,Y,19.732,-155.046
2008-11-20,2008,November,East,Kapoho (Champagne Pond),line,A,A,U,,,,,,N,19.493,-154.819
2009-02-08,2009,February,East,Hilo (Liliuokalani Park and Gardens),line,A,A,U,39.3,41.5,32.9,37.5,31.2,N,19.726,-155.071
2009-03-06,2009,March,East,Kapoho,fibropapillomatosis,D,D,M,46.2,49.5,37.8,43.5,37.7,Y,19.499,-154.821
2009-04-12,2009,April,East,South Hilo (Leleiwi Point),shark attack,D,D,M,74.3,79,61.7,72,57.8,N,19.739,-155.006
2009-04-26,2009,April,East,Hilo (4 Mile Beach),fibropapillomatosis,A,D,M,73.5,79.5,60,72.5,60.4,Y,19.734,-155.041
2009-04-29,2009,April,East,Kapoho (Blind Inlet),miscellaneous,A,D,F,48.1,52,38.9,36,38.5,N,19.493,-154.819
2009-05-12,2009,May,East,Hawaii Paradise Park,human take,D,D,U,79.9,86.5,63.2,80.5,,N,19.605,-154.946
2009-05-27,2009,May,East,Hilo (Puhi Bay),line,D,D,F,54.6,59,44.2,52,44,N,19.735,-155.0498
2009-05-31,2009,May,East,Kapoho,unknown,A,D,U,68.1,73,53.5,66.5,52.8,Y,19.499,-154.821
2009-06-10,2009,June,East,Kawa Bay,line,A,A,U,,,,,,U,19.113,-155.525
2009-06-16,2009,June,East,Hilo (Liliuokalani Park and Gardens),line,D,D,M,43.8,46.5,33.7,40,36.3,N,19.7292,-155.068
2009-06-19,2009,June,East,Puhi Bay,unknown,A,D,M,81.4,87,,,65,Y,19.74,-155.054
2009-07-29,2009,July,East,Hilo Hawaiian Hotel,fibropapillomatosis,A,D,F,55.4,59.5,44.9,52,44.3,Y,19.728,-155.067
2009-08-05,2009,August,East,North Kohala (Keokea Beach Park),shark attack,A,D,F,77.8,86,61.5,85,62,N,20.227,-155.746
2009-08-07,2009,August,East,Hawaii Volcanoes National Park (Halape Iki Beach),unknown,D,D,U,49.8,,37,,,N,19.266,-155.235
2009-08-20,2009,August,East,Punaluu Black Sand Beach,line,A,A,U,,,,,,U,19.135,-155.505
2009-11-07,2009,November,East,Hilo (Wailoa State Park0,line,A,A,U,,,,,,U,19.72,-155.075
2009-11-23,2009,November,East,Hilo (4 Mile Beach),unknown,D,D,M,38.7,41.5,30.6,36,29.5,N,19.734,-155.029
2009-11-27,2009,November,East,Hilo Bay (Waiakea Pond Drainage),unknown,D,D,U,,,,,,U,19.724,-155.071
2010-03-08,2010,March,East,Hilo (Richardson Ocean Center),unknown,D,D,M,49.3,53.5,36.4,46,40.5,N,19.736,-155.009
2010-03-22,2010,March,East,Pohoiki,line,A,A,U,52.3,57,43.1,50.5,41.5,Y,19.4588,-154.8399
2010-03-22,2010,March,East,Pohoiki,fibropapillomatosis,A,A,U,53.5,58,41.3,50,43.8,Y,19.4588,-154.8399
2010-05-17,2010,May,East,Kapoho Beach Lots,unknown,D,D,M,69.6,74,53.6,61,53.4,N,19.5024,-154.8162
2010-05-28,2010,May,East,Hilo,fibropapillomatosis,A,D,F,47.4,51,39,45.5,38.4,Y,19.725,-155.0855
2010-05-29,2010,May,East,Hilo Bay (Coconut Island),unknown,D,D,M,42.3,47,36.7,42,,N,19.7295,-155.0681
2010-06-14,2010,June,East,Kapoho,line,D,D,M,65.2,69.5,52.3,66.5,54.4,N,19.4993,-154.8204
2010-08-26,2010,August,East,Kapoho (Blind Inlet),fibropapillomatosis,D,D,U,,,,,,Y,19.4878,-154.8212
2010-09-06,2010,September,East,Hilo (Carlsmith Beach Park),fibropapillomatosis,D,D,M,72.4,80,58.8,74.5,59.2,Y,19.7344,-155.0244
2010-09-26,2010,September,East,Hilo (Boat Channel),unknown,A,D,U,,,,,,U,19.7344,-155.056
2010-10-07,2010,October,East,Hilo,unknown,A,A,U,,,,,,U,,
2010-10-15,2010,October,East,Pohoiki Beach Park,human take,D,D,M,50.9,54.5,39.9,48,42.2,N,19.4604,-154.8373
2010-12-01,2010,December,East,Kapoho,unknown,A,A,U,,,,,,U,19.4872,-154.8224
2010-12-01,2010,December,East,Kapoho,unknown,A,A,U,,,,,,U,19.4872,-154.8224
2010-12-01,2010,December,East,Kapoho,unknown,A,A,U,,,,,,U,19.4872,-154.8224
2010-12-01,2010,December,East,Kapoho,unknown,A,A,U,,,,,,U,19.4872,-154.8224
2010-12-01,2010,December,East,Kapoho,unknown,A,A,U,,,,,,U,19.4872,-154.8224
2010-12-01,2010,December,East,Kapoho,unknown,A,A,U,,,,,,N,19.4872,-154.8224
2011-02-08,2011,February,East,Hilo (Keaukaha),fibropapillomatosis,A,D,M,67.7,67,54.5,,52.9,Y,19.7331,-155.0241
2011-02-09,2011,February,East,Wailoa River,unknown,A,A,U,45.5,48,38.1,42.5,37.9,Y,19.7227,-155.0701
2011-02-11,2011,February,East,Hilo (Leleiwi Beach Park),line,A,A,U,76.3,83.5,59.6,75.5,,N,19.7345,-155.0161
2011-02-16,2011,February,East,Kapoho,miscellaneous,D,D,F,49.6,53.5,38.2,47,40.2,N,19.493,-154.8175
2011-03-22,2011,March,East,Mountain View,unknown,D,D,U,,,,,,U,19.5311,-155.1321
2011-05-07,2011,May,East,Hilo Bay (Coconut Island),unknown,A,A,U,33.2,35,,,,N,19.7275,-155.0682
2011-05-25,2011,May,East,Kapoho Beach Lots,fibropapillomatosis,A,D,M,48.6,52.5,38.4,46,38.8,Y,19.4965,-154.8184
2011-06-20,2011,June,East,Punaluu Black Sand Beach Park,line,A,A,U,,,,,,N,19.1354,-155.5046
2011-08-01,2011,August,East,Hilo (Carlsmith Beach Park),boat impact,A,A,U,89.4,,64.6,,,N,19.7354,-155.0265
2011-08-24,2011,August,East,Hilo Bay,line,A,A,U,54.7,58.5,44.7,52,47,Y,19.7247,-155.0715
2011-08-25,2011,August,East,Hilo Bayfront,boat impact,D,D,U,88.893,96,,,,U,19.7233,-155.0806
2011-08-25,2011,August,East,Hilo Bay (Coconut Island),line,A,A,U,,,,,,U,19.7292,-155.0685
2011-10-05,2011,October,East,Pohoiki Beach,boat impact,D,D,M,,,47.8,57,46.8,N,19.4575,-154.8411
2011-11-02,2011,November,East,Hilo Hawaiian Hotel,unknown,A,A,U,,,,,,N,19.7285,-155.0669
2011-11-11,2011,November,East,Hilo,unknown,A,A,U,,,,,,Y,,
2011-11-18,2011,November,East,Hilo (Wailuku River),unknown,D,D,U,,,,,,U,19.7282,-155.0877
2011-12-05,2011,December,East,Kapoho,line,D,D,M,73,79,60.1,74,57.1,N,19.4978,-154.8235
2011-12-30,2011,December,East,Kapoho Bay,line,A,A,U,,,,,,N,19.5003,-154.8182
2012-01-23,2012,January,East,Hilo (4 Mile Beach),fibropapillomatosis,D,D,F,72.5,77,54.7,68,57.6,Y,19.7344,-155.0301
2012-02-17,2012,February,East,Kapoho,unknown,D,D,F,41.2,44.5,33.6,40.5,33.7,N,19.4959,-154.8174
2012-03-08,2012,March,East,Hilo (Richardson Beach Park),line,A,A,U,66.068,71,,,,N,19.7347,-155.0136
2012-04-08,2012,April,East,Hilo (Carlsmith Beach Park),fibropapillomatosis,D,D,M,74.2,79,57.2,70,58.5,Y,19.7342,-155.0317
2012-04-25,2012,April,East,Hilo Bay (Coconut Island),fibropapillomatosis,D,D,F,51,54,40.4,47,40.6,Y,19.7296,-155.0689
2012-05-08,2012,May,East,Kapoho (Champagne Pond),fibropapillomatosis,A,D,F,48.7,52.5,39.2,46,40.7,Y,19.4994,-154.8211
2012-06-26,2012,June,East,Hilo (Leleiwi Beach Park),unknown,A,A,U,,,,,,Y,19.7369,-155.0137
2012-10-11,2012,October,East,Hilo Bay (Coconut Island),line,A,D,M,50.3,53,40.7,46.5,41,Y,19.7278,-155.0675
2012-10-24,2012,October,East,Honolii,line,A,A,U,,,,,,Y,19.7552,-155.0907
2012-12-26,2012,December,East,Kapoho (Barsell Pond),fibropapillomatosis,A,D,F,46.5,50,37.2,43.5,37,Y,19.4978,-154.8211
2013-01-07,2013,January,East,Hilo (James Kealoha Beach Park),unknown,D,D,U,43.9,46,,,35.7,N,19.7347,-155.0302
2013-01-13,2013,January,East,Kau (Whittington Park),fibropapillomatosis,D,D,U,67.2,72.5,57.4,67,,Y,19.0874,-155.5481
2013-01-14,2013,January,East,Hilo (Richardson Beach Park),unknown,A,A,U,,,,,,Y,19.7368,-155.0131
2013-03-05,2013,March,East,Hilo (Naniloa Hotel),unknown,D,D,F,,,,,,Y,19.7299,-155.0655
2013-03-08,2013,March,East,Hilo (Richardson Beach Park),fibropapillomatosis,A,A,U,75.198,81,,,,Y,19.7371,-155.0133
2013-03-14,2013,March,East,Onekahakaha Beach Park,unknown,D,D,U,,,,,,N,19.7383,-155.0354
2013-04-05,2013,April,East,Hilo (Richardson Ocean Center),fibropapillomatosis,A,D,F,39.5,41.5,31.8,36.5,32.1,Y,19.7371,-155.0128
2013-04-08,2013,April,East,Honolii,fibropapillomatosis,A,D,F,63.4,68,,,,Y,19.7553,-155.091
2013-04-28,2013,April,East,Hilo (Richardson Ocean Center),unknown,D,D,M,63.8,68.5,,63,,N,19.7372,-155.0133
2013-05-10,2013,May,East,Punaluu (Ninole Cove),unknown,A,A,U,71,76.5,,,,N,19.1296,-155.51
2013-06-20,2013,January,East,Wailoa River,line,A,A,U,,,,,,Y,19.7225,-155.0712
2013-08-08,2013,August,East,Kapoho Beach Lots,unknown,D,D,U,39.9,42.8,32.9,38,,U,19.5022,-154.817
2013-09-01,2013,September,East,Punaluu Black Sand Beach Park,unknown,D,D,U,45.1,49,,,,N,19.1363,-155.5045
2013-09-04,2013,September,East,Hilo (Keaukaha Beach Park),unknown,D,D,M,,,,,,U,19.7336,-155.0528
2013-10-20,2013,October,East,Hilo (Lehia Park),unknown,D,D,U,43,,,,,N,19.735,-155.0072
2013-11-04,2013,November,East,Hilo Bay (Waiakea Pond),line,A,U,U,,,,,,U,19.7147,-155.0778
2013-11-09,2013,November,East,Kamehame,unknown,D,D,U,,,,,,N,19.14,-155.468
2013-11-13,2013,November,East,Punaluu Bay,unknown,A,A,U,,,,,,U,19.138,-155.4911
2014-01-23,2014,January,East,Hilo (Onekahakaha Beach Park),line,A,A,U,72.6,78.5,59,71.5,,Y,19.738,-155.0382
2014-01-31,2014,January,East,Hilo (Naniloa Hotel),shark attack,D,D,F,65.2,69.5,,,51.8,N,19.7299,-155.0635
2014-02-26,2014,February,East,Hilo (Richardson's Ocean Park),line,A,A,U,,,,,,U,19.7369,-155.0144
2014-03-20,2014,March,East,Hilo (Richardson's Ocean Park),unknown,A,A,U,66.981,72,,,,N,19.7372,-155.0124
2014-05-18,2014,May,East,Hilo (Wailoa Sampan Basin and Boat Harbor),line,D,D,F,67.9,72,51.4,63.5,52.4,Y,19.7223,-155.0702
2014-06-02,2014,June,East,Punaluu Black Sand Beach Park,line,A,A,U,,,,,,U,19.1358,-155.505
2014-06-02,2014,June,East,Hilo (Carlsmith Beach Park),unknown,D,D,U,,,,,,U,19.735,-155.0253
2014-06-19,2014,June,East,Hilo Bay (Coconut Island),shark attack,D,D,U,76.2,80,57.1,73,,N,19.7294,-155.0683
2014-06-21,2014,June,East,Hilo Bay (Coconut Island),fibropapillomatosis,D,D,F,57.7,60.5,48,59,44.3,Y,19.7294,-155.0683
2014-06-28,2014,June,East,Hilo (Naniloa Hotel),line,D,D,F,49.5,52,39.6,47.5,40.9,Y,19.7302,-155.0651
2014-08-26,2014,August,East,Kapoho (Waiopae Tidepool),boat impact,D,D,M,,,41.1,47.5,,N,19.4961,-154.8185
2014-09-19,2014,September,East,Hilo Hawaiian Hotel,line,D,D,F,49.7,52,38.7,46.5,38.5,Y,19.7291,-155.0668
2014-10-14,2014,October,East,Hilo (Onekahakaha Beach Park),line,A,A,M,84.7,83,61.3,78,,N,19.7376,-155.0416
2014-10-30,2014,October,East,Hilo (Onekahakaha Beach Park),fibropapillomatosis,D,D,F,53.9,58,43.3,49,43.6,Y,19.7344,-155.0159
2014-12-04,2014,December,East,Hilo (Leleiwi Point),unknown,A,D,F,65.2,69,52.5,63.5,53.4,Y,19.7339,-155.0158
2015-01-01,2015,January,East,Hilo (Onekahakaha Beach Park),unknown,D,D,M,84.7,,,,,N,19.7376,-155.0416
2015-02-19,2015,February,East,Hilo (Carlsmith Beach Park),unknown,D,D,M,65.5,69.5,52.7,60,51.5,Y,19.735,-155.0303
2015-04-28,2015,April,East,Hilo (Puhi Bay),line,D,D,F,73.2,,59.3,71.5,56.6,N,19.7371,-155.0332
2015-08-11,2015,August,East,Hilo (Keaukaha),unknown,D,D,U,,,,,,U,19.7321,-155.0476
2015-08-19,2015,August,East,Hilo (Wailoa Sampan Basin and Boat Harbor),unknown,D,D,F,61.3,66,49.7,61,49.4,Y,19.7209,-155.0713
2015-10-11,2015,October,East,Hilo (Naniloa Hotel),line,D,D,M,39.2,41,31.7,36,30.8,N,19.7299,-155.0656
2015-11-25,2015,November,East,Hilo (Richardson's Ocean Park),fibropapillomatosis,A,A,U,67.9,72,55.2,71,55.5,Y,19.7368,-155.0115
2015-11-30,2015,November,East,Hilo (Richardson's Ocean Park),fibropapillomatosis,A,A,U,65.155,70,,,,Y,19.7369,-155.0131
2015-12-24,2015,December,East,Hilo (Leleiwi Beach Park),unknown,A,A,U,,,,,,U,19.7343,-155.0161
2016-01-12,2016,January,East,Hilo (Richardson's Ocean Park),unknown,A,A,U,83.415,90,,,,N,19.737,-155.0132
2016-02-12,2016,February,East,Hilo (Carlsmith Beach Park),unknown,A,A,F,87.98,95,,,,N,19.7338,-155.0271
2016-02-22,2016,February,East,Hilo (Onekahakaha Beach Park),unknown,D,D,M,38,40,31.4,37,30.9,N,19.7371,-155.0418
2016-03-03,2016,March,East,Hilo (Richardson's Ocean Park),boat impact,A,A,U,,,,,,N,19.737,-155.0132
2016-03-28,2016,March,East,Hilo (Onekahakaha Beach Park),line,A,A,U,73.4,77.5,58.8,72,59.1,N,19.73832,-155.0417
2016-04-26,2016,April,East,Kapoho Beach Lots,unknown,A,D,M,63.4,67,51.8,63,50.6,N,19.4882,-154.8218
2016-05-01,2016,May,East,Punaluu Black Sand Beach,unknown,D,D,M,53.5,56,41.5,49,41.6,N,19.1311,-155.508
2016-05-08,2016,May,East,Hilo (Shipman Estate),unknown,D,D,U,67.7,72,55.6,64,56.8,Y,19.6434,-154.9828
2016-06-27,2016,June,East,Pohoiki Beach Park (Isaac Hale Beach Park),unknown,D,D,U,,,,,,U,19.4577,-154.8421
2016-06-27,2016,June,East,Pohoiki Beach Park (Isaac Hale Beach Park),unknown,D,D,M,40.5,43.5,33,37.5,32.9,N,19.45772,-154.842146
2016-08-07,2016,August,East,Hilo (Liluokalani Gardens),unknown,D,D,U,,,,,,U,19.7246,-155.0708
2016-08-18,2016,August,East,Hilo (Liliuokalani Park and Gardens),line,D,D,F,46.6,49.5,37.5,43.5,37.5,Y,19.7261,-155.0699
2016-08-30,2016,August,East,Hilo (Carlsmith Beach Park),line,A,A,U,,,,,,U,19.7347,-155.0271
2016-09-13,2016,September,East,Hilo (Shipman Estate),unknown,D,D,U,78.4,84,61.3,82,,Y,19.6432,-154.9823
2016-09-13,2016,September,East,Haena,fibropapillomatosis,D,D,F,78.4,84,61.3,82,63,Y,19.6432,-154.9823
2016-11-12,2016,November,East,Hilo (Richardson Beach Park),line,A,A,U,65.155,70,,,,N,19.736944,-155.012778
2017-01-18,2017,January,East,Pohoiki Beach Park (Isaac Hale Beach Park),line,U,U,U,,,,,,U,19.45778,-154.8428
2017-01-27,2017,January,East,Carlsmith Beach Park,line,A,D,F,80.7,86.5,62.4,78,65.8,Y,19.7331,-155.0261
2017-02-17,2017,February,East,Leleiwi,unknown,A,A,U,,,,,,U,19.733056,-155.026111
2017-03-21,2017,March,East,Hilo (Richardson Beach Park),fibropapillomatosis,A,A,U,79.4,84.5,61.3,76.5,,Y,19.7331,-155.0261
2017-03-26,2017,March,East,Richardson Ocean Center,line,A,D,M,52.8,56.5,40,47.5,43,Y,19.7283,-155.0669
2017-04-24,2017,April,East,Carlsmith Beach Park,line,D,D,U,41.6,46,33.6,41,36,N,19.7331,-155.0261
2017-04-28,2017,April,East,Hilo Hawaiian Hotel,fibropapillomatosis,D,D,F,42.5,45.5,34.1,40.5,35.1,Y,19.7283,-155.0669
2017-05-18,2017,May,East,Hilo,fibropapillomatosis,A,D,F,68,72.9,53,63.2,53.4,Y,19.7283,-155.0669
2017-05-26,2017,May,East,Hilo Yacht Club,unknown,D,D,M,86.6,90.5,62.2,80.5,64.2,N,19.72833,-155.0669
2017-05-30,2017,May,East,Hilo,line,A,A,U,,,,,,U,,
2017-06-08,2017,June,East,Wailoa Boat Harbor,shark attack,A,A,U,,,,,,U,,
2017-06-27,2017,June,East,Hilo (Richardson's Ocean Park),line,A,A,U,57.851,62,,,,U,19.7356,-155.0137
2017-09-14,2017,September,East,Hilo,line,A,A,U,50.3,53.5,39,47.5,43.2,Y,19.724825,-155.066626
2017-09-17,2017,September,East,Punaluu,line,D,D,M,38.2,39.5,31.5,36.5,31,N,19.1354,-155.5046
2017-10-21,2017,October,East,Richardson Ocean Center,fibropapillomatosis,A,D,F,50.6,53.5,41.2,48,40.5,Y,19.7346,-155.0136
2017-10-30,2017,October,East,Hilo,unknown,D,D,U,,,,,,U,19.7346,-155.0136
2017-11-13,2017,November,East,Hilo,unknown,A,A,U,72.0025,77.5,,,,N,19.736,-155.02667
2017-11-21,2017,November,East,Keaukaha,unknown,A,A,U,82.502,89,,,,U,19.736,-155.0267
2017-12-31,2017,December,East,Wailoa Boat Harbor,line,D,D,F,54.3,58,44.3,54,45.5,Y,19.7236,-155.0708
2018-03-17,2018,March,East,Hilo,line,D,D,F,49.9,52.5,38.5,44,40.2,Y,19.7296,-155.0685
2018-03-20,2018,March,East,Kapoho,unknown,A,A,U,,,,,,U,19.5016,-154.8167
2018-03-20,2018,March,East,Kapoho,line,D,D,M,42.6,44,32.1,38,34.1,N,19.5016,-154.8167
2018-04-03,2018,April,East,Hilo,line,A,D,F,65,69,54.9,65,54.3,Y,19.64,-154.98
2018-04-11,2018,April,East,Richardson Ocean Center,boat impact,A,A,U,40.6,44,34,41,32.3,N,19.736944,-155.012778
2018-04-25,2018,April,East,Richardson Ocean Center,line,A,A,U,44.156,47,,,,U,19.737,-155.028
2018-05-04,2018,May,East,Punaluu,line,A,D,F,78.8,84,61.5,80,61.4,N,19.13639,-155.5081
2018-05-05,2018,May,East,Onekahakaha,human take,D,D,F,75.8,80.3,62.3,77.5,62.4,N,19.738,-155.04
2018-05-15,2018,May,East,Coconut Island,unknown,D,D,F,54.7,57.5,44.2,51,41.4,Y,19.729,-155.068
2018-05-18,2018,May,East,Reeds Bay,line,A,A,U,,,,,,U,19.7283,-155.0623
2018-06-13,2018,June,East,Ka'u (Whittington Bch. Pk.),unknown,D,D,U,38.4,40.7,,38.6,,N,19.08778,-155.5531
2018-06-16,2018,June,East,Punaluu Beach Park,unknown,D,D,F,55.6,64.3,48.6,59.4,46.2,N,19.13639,-155.5081
2018-06-25,2018,June,East,South Point,unknown,D,D,U,,,,,,N,,
2018-06-29,2018,June,East,Hilo,fibropapillomatosis,A,D,M,50,54.4,40.3,45.7,40.5,Y,,
2018-07-16,2018,July,East,Wailua,line,A,A,U,70.633,76,,,,Y,19.734291,-155.015678
2018-07-16,2018,July,East,Hilo (Richardson Beach Park),fibropapillomatosis,A,D,F,40.9,42.4,35.3,40.7,34.3,Y,19.136388,-155.508055
2018-09-08,2018,September,East,"Hilo (Queen Liliuokalani Park and Gardens, Pawai Bay)",unknown,A,A,U,50.547,54,,,,U,19.7274,-155.0676
2018-10-25,2018,October,East,Hilo,line,D,D,F,47.2,51,37.5,44,38.2,N,19.723671,-155.070416
2018-11-02,2018,November,East,Carlsmith Beach Park,unknown,A,A,U,73.372,79,,,,U,19.733,-155.0279
2018-11-11,2018,November,East,Reeds Bay,unknown,D,D,F,50,53,36.6,47,41.6,N,19.7279,-155.0581
2018-11-15,2018,November,East,Hilo (Carlsmith Beach Park),unknown,D,D,U,61.1,66,48.8,60,50.8,N,19.7347,-155.0304
2018-11-25,2018,November,East,Hilo (Shipman Estate),unknown,D,D,U,,,,,,N,19.644,-154.983
2018-12-23,2018,December,East,Hilo,unknown,D,D,U,46.3,50,39.7,48.5,41,Y,19.729733,-155.063845
2018-12-24,2018,December,East,Richardson Ocean Center,line,A,A,U,,,,,,U,19.736853,-155.013155
2019-01-18,2019,January,East,Onekahakaha Beach Park,unknown,U,U,U,,,,,,U,,
2019-01-18,2019,January,East,Onekahakaha Beach Park,line,A,A,F,88.7,95,94,70.7,69.7,N,19.74083,-155.0414
2019-01-23,2019,January,East,Hilo (Liliuokalani Park and Gardens Pond),unknown,A,A,U,,,,,,N,19.72735,-155.068917
2019-10-29,2019,October,East,Richardson Ocean Center,line,A,A,U,45.5255,48.5,,,,U,19.737034,-155.012763
2019-11-27,2019,November,East,Hilo Bay,boat impact,A,D,U,,,,,,U,19.725059,-155.07304
2020-01-07,2020,January,East,Hilo,unknown,A,D,F,,,,,76.3,U,,
2020-03-24,2020,March,East,Reeds Bay,line,A,A,U,51.9165,55.5,,,,Y,19.7233,-155.06809
2020-04-16,2020,April,East,"Liliʻuokalani Park and Gardens, Hilo Bay",line,A,A,U,38.678,41,,,,U,19.7268,-155.0692
2020-05-18,2020,May,East,Liliʻuokalani Park/Coconut island,unknown,A,A,U,38.678,41,,,,Y,19.7277,-155.068079
2020-07-31,2020,July,East,Onekahakaha Beach Park,unknown,D,D,U,72.459,78,,,,U,19.738128,-155.039116
2021-02-02,2021,February,East,Richardsons Ocean Park,unknown,A,A,U,50.0905,53.5,,,,U,19.7358,-155.0133
2021-04-12,2021,April,East,Liliʻuokalani Park/Coconut Island,unknown,D,D,U,42.33,45,,,,U,19.7296,-155.0685
2021-04-15,2021,April,East,Richardsons Ocean Park,unknown,D,D,U,72.9155,78.5,,,,Y,19.7358,-155.0133
2021-04-21,2021,April,East,Richardsons Ocean Park,unknown,D,D,U,68.807,74,,,,U,19.7371,-155.0128
2021-04-23,2021,April,East,Onekahakaha Beach Park,human take,D,D,U,,,,,,U,19.7417,-155.0222
2021-05-03,2021,May,East,Wailoa River State Park,unknown,D,D,U,33.2,35,,,,U,19.7164,-155.0731
2021-10-03,2021,October,East,"Onekahakaha Beach Park, Hilo",unknown,D,D,U,52.373,56,,,,U,19.73725,-155.03785
2021-12-02,2021,December,East,Punalu'u Beach Park,unknown,D,D,U,69.72,75,,,,U,,
2021-12-10,2021,December,East,Richardson's Ocean Park,fibropapillomatosis,A,D,U,38.678,41,,,,Y,,
2021-12-12,2021,December,East,"Reeds Bay 255 Banyan Drive, Hilo, HI 96720",unknown,D,D,U,39.591,42,,,,U,,
2022-02-08,2022,February,East,Richardson's Ocean Park,fibropapillomatosis,A,D,U,63.55725,68.25,,,,Y,19.7372,-155.01282
2022-03-02,2022,March,East,Moku Ola,unknown,D,D,U,42.7865,45.5,,,,U,19.7296,-155.0685
2022-03-08,2022,March,East,Moku Ola,human take,A,D,U,46.4385,49.5,,,,U,,
2022-05-07,2022,May,East,"Private Residence 525 Oceanview Drive, Hilo, HI",unknown,D,D,U,,,,,,U,19.727224,-155.058332
2022-06-20,2022,June,East,Lalakea Shoreline Access,unknown,D,D,U,71.546,77,,,,U,,
2022-06-27,2022,June,East,Wailoa River State Park,line,A,D,U,66.068,71,,,,U,,
1983-06-26,1983,June,West,Kailua-Kona,line,A,D,U,46.8,,,,,N,19.6317,-155.9977
1984-01-12,1984,January,West,Honokohau Small Boat Harbor,line,A,A,U,78.85,85,,,,Y,19.6689,-156.0259
1985-01-19,1985,January,West,Waikoloa (Mauna Lani Bay Hotel),unknown,D,D,U,,,,,,N,19.944,-155.8693
1985-09-13,1985,September,West,Waikoloa (Mauna Lani Bay Hotel),net,A,A,U,,,,,,N,19.941,-155.868
1986-05-26,1986,May,West,Kawaihae,human take,A,A,U,38.4,,,,,N,20.04,-155.832
1986-10-10,1986,October,West,Kawaihae,net,A,A,U,41.5083,44.1,,,,N,20.04,-155.832
1986-10-21,1986,October,West,Kawaihae,unknown,A,A,U,41.5083,44.1,,,,N,,
1986-10-26,1986,October,West,Mauna Lani Bay,unknown,D,D,F,43.8,45.7,34.3,38.1,,Y,19.9444,-155.8697
1988-01-05,1988,January,West,Maunakea Beach,human take,A,A,U,,,,,,U,20.005,-155.825
1988-05-22,1988,May,West,Kailua-Kona,unknown,D,D,U,44.8,,,,,U,19.64,-155.997
1988-08-19,1988,August,West,Kiholo Bay,net,D,D,U,49.7,,,,,N,19.857,-155.934
1988-09-12,1988,September,West,Kailua-Kona,net,A,A,U,39.3,41.5,33.6,39,32.3,N,19.64,-155.997
1989-03-10,1989,March,West,Ka'u (Humuhumu Point),line,D,D,U,,,,,,U,19.019,-155.835
1989-04-10,1989,April,West,Kailua-Kona,human take,D,D,U,,,,,,U,19.64,-155.997
1989-05-17,1989,May,West,Kona (Pine Trees),unknown,A,A,U,,,,,,N,19.694,-156.045
1990-06-21,1990,June,West,Kailua-Kona,unknown,A,A,U,19.8,21,16.4,19,17.4,N,19.64,-155.997
1990-06-21,1990,June,West,Kahaluu Beach Park,human take,D,D,U,47.808,51,,,,U,19.579,-155.967
1991-07-19,1991,July,West,Kona,line,D,D,U,,,,,,U,19.608,-155.99
1991-08-09,1991,August,West,Kiholo Bay,net,D,D,M,46.9,49.5,38.7,46,36.4,N,19.857,-155.934
1991-08-24,1991,August,West,Kahaluu Beach Park,unknown,A,A,U,,,,,,U,19.579,-155.967
1991-11-07,1991,November,West,Mauna Lani Bay Hotel,human take,D,D,U,62,66,48.2,59,48.7,N,19.941,-155.867
1992-02-03,1992,February,West,Kawaihae Boat Harbor,unknown,D,D,M,48.2,52,39.5,44.5,40.6,Y,20.034,-155.824
1992-03-11,1992,March,West,Mauna Lani Bay Hotel,unknown,A,D,U,49.7,52.5,38.6,45.5,40.7,N,19.941,-155.867
1992-03-25,1992,March,West,Mauna Lani Bay Hotel,unknown,A,A,U,34.8,36.5,28.5,32,27.6,N,19.941,-155.867
1992-04-13,1992,April,West,Mauna Lani Bay Hotel,unknown,D,D,M,28.9,30.5,24.5,27.5,24.1,N,19.941,-155.867
1992-07-10,1992,July,West,Kaloko Pond,shark attack,D,D,F,39.7,40.6,31.7,38.1,,N,19.688,-156.034
1992-07-14,1992,July,West,Kona (Wawaloli/Pine Trees),unknown,D,D,M,40,42,34,38,32.8,N,19.714,-156.049
1992-08-18,1992,August,West,Honaunau Bay,line,D,D,M,44,47,35,40,36.9,N,19.418,-155.908
1992-11-17,1992,November,West,Waimea (Spencer Beach Park),human take,D,D,M,49,51.5,38.6,45,39.6,N,20.024,-155.821
1992-11-30,1992,November,West,Waikoloa (Anaehoomalu Bay),unknown,D,D,M,38.2,40.5,32.6,37,30.6,N,19.917,-155.888
1993-01-14,1993,January,West,Honokohau Small Boat Harbor (Turtle Rock),line,A,A,U,,,,,,U,19.67,-156.025
1993-02-01,1993,February,West,Anaehoomalu Bay,unknown,D,D,U,,,,,,U,19.917,-155.888
1993-02-24,1993,February,West,Huli He'e Palace Pond,unknown,A,A,U,,,,,,N,19.639,-155.994
1993-03-23,1993,March,West,Kiholo Bay,unknown,D,D,U,,,,,,U,19.857,-155.934
1993-04-07,1993,April,West,Huli He'e Palace Pond,unknown,A,A,U,45.069,48,,42.5,,N,,
1993-04-22,1993,April,West,Huli He'e Palace Pond,unknown,A,A,U,,,,,,N,,
1993-04-26,1993,April,West,Kailua-Kona (White Sands Bch.),unknown,A,A,U,,,,,,N,19.594,-155.972
1993-08-24,1993,August,West,Kailua-Kona,line,A,A,U,,,,,,U,19.64,-155.997
1994-04-24,1994,April,West,Kiholo Bay,human take,D,D,U,,,,,,U,19.857,-155.934
1994-05-13,1994,May,West,Kiholo Bay,unknown,D,D,M,46,49,37.8,45,37.3,N,19.857,-155.934
1994-06-24,1994,June,West,Kiholo Bay,human take,D,D,U,,,,,,U,19.857,-155.934
1994-09-30,1994,September,West,Kaloko-Honokohau National Historical Park,unknown,D,D,U,44.9,49.2,,,35.2,N,19.676,-156.035
1994-12-11,1994,December,West,Mauna Lani,unknown,U,D,U,32.6,35,25.6,30.3,26.9,N,19.941,-155.867
1995-03-15,1995,March,West,Puako,unknown,D,D,M,49.5,52,39,45.8,39.8,N,19.974,-155.838
1995-05-12,1995,May,West,Honokohau Small Boat Harbor,unknown,D,D,U,,,,,,U,19.67,-156.025
1995-05-17,1995,May,West,Mauna Lani,unknown,A,A,U,,,,,,N,,
1995-08-23,1995,August,West,Mauna Kea Beach Hotel,human take,D,D,M,56.4,61.5,42.5,50.5,45.5,N,20.005,-155.825
1996-01-06,1996,January,West,Puako,line,D,D,M,53.1,56.5,39.2,48.5,42.9,N,19.974,-155.838
1996-01-18,1996,January,West,Kawaihae Boat Harbor,unknown,D,D,U,,,,,,U,20.034,-155.824
1996-01-19,1996,January,West,Mauna Lani,unknown,A,A,M,,,,,,N,19.941,-155.867
1996-02-15,1996,February,West,Puako,unknown,A,A,U,,,,,,N,19.974,-155.838
1996-04-03,1996,April,West,Keawa Iki,unknown,D,D,M,38.7,41,30.8,37,31.4,N,19.889,-155.906
1996-05-28,1996,May,West,Kawaihae Small Boat Harbor,line,D,D,U,,,,,,N,20.034,-155.824
1996-08-26,1996,August,West,Kaloko-Honokohau National Historical Park,human take,D,D,U,,,,,,U,19.676,-156.035
1997-02-27,1997,February,West,Honokohau Small Boat Harbor,line,A,A,U,,,,,,N,19.67,-156.025
1997-03-10,1997,March,West,Milolii,unknown,A,A,U,,,,,,N,19.171,-155.912
1997-04-06,1997,April,West,Mauna Lani Bay Hotel,net,D,D,M,52.9,56,40.4,49,41.8,N,19.941,-155.867
1997-07-08,1997,July,West,Honaunau,unknown,A,A,U,,,,,,N,19.418,-155.908
1997-07-27,1997,July,West,Puuhonua O Honaunau,unknown,D,D,F,65.6,70,52,62,52,N,19.421,-155.913
1998-03-02,1998,March,West,Kahaluu Beach Park,unknown,A,A,U,,,,,,N,19.579,-155.967
1998-04-01,1998,April,West,Kiholo Lagoon,unknown,D,D,U,47.6,,37.2,,,U,19.859,-155.921
1998-05-01,1998,May,West,Kaloko-Honokohau National Historical Park,unknown,D,D,F,49.2,52.5,38.1,44,38.7,N,19.676,-156.035
1998-06-02,1998,June,West,Kawaihae,unknown,D,D,U,62.9,66.5,46.3,58,,N,20.04,-155.832
1998-07-08,1998,July,West,Kiholo Bay,shark attack,A,D,U,,,,,,N,19.857,-155.934
1998-07-12,1998,July,West,Kawaihae,human take,D,D,F,58,61,45.5,54.3,47,N,20.04,-155.832
1998-08-17,1998,August,West,Kahaluu Beach Park,unknown,A,D,M,48,52,37.4,44,40.4,N,19.579,-155.967
1998-08-26,1998,August,West,Kaloko-Honokohau National Historical Park,unknown,A,A,U,57.3,60.3,44.1,52,46.6,N,19.676,-156.035
1999-02-08,1999,February,West,Kiholo (peninsula of lagoon),unknown,D,D,U,,,,,,N,19.859,-155.922
1999-07-30,1999,July,West,Kiholo Bay,unknown,D,D,U,,,,,,N,19.857,-155.934
1999-08-04,1999,August,West,Kona (Hualalae Resort Beach),unknown,A,A,U,,,,,,N,19.828,-155.993
1999-09-22,1999,September,West,Puuhonua O Honaunau,unknown,D,D,U,,,,,,N,19.421,-155.913
1999-10-25,1999,October,West,Kahaluu Beach Park,unknown,A,A,U,,,,,,U,19.579,-155.967
1999-10-29,1999,October,West,Kona (Kailua Pier),line,A,A,U,44.6,47,35,40,36.4,N,19.64,-155.997
1999-11-02,1999,November,West,Kiholo,unknown,A,A,U,35.7,37.5,29.8,35,30.4,N,19.857,-155.934
1999-12-16,1999,December,West,Kawaihae,unknown,D,D,U,,,42.2,50,44.2,N,20.04,-155.832
2000-01-13,2000,January,West,Puako,unknown,D,D,F,43.5,45.5,36.7,44,35.4,N,19.974,-155.838
2000-01-28,2000,January,West,Honaunau,line,D,D,U,,,,,,N,19.418,-155.908
2000-02-28,2000,February,West,Honokohau Small Boat Harbor,net,D,D,F,62.3,66,45.4,56.5,50.5,N,19.67,-156.025
2000-04-17,2000,April,West,Kaloko-Honokohau National Historical Park,unknown,D,D,U,,,,,,N,19.676,-156.035
2000-05-09,2000,May,West,Kaloko-Honokohau National Historical Park (Aiopio Pond),unknown,D,D,F,56.3,59.5,46.1,55,47.1,N,19.671,-156.026
2000-05-28,2000,May,West,Puako,unknown,D,D,U,52.1,55.5,42.4,50,41.3,N,19.974,-155.838
2000-06-27,2000,June,West,Kona,unknown,D,D,F,55.2,57.5,42.8,49,44.8,N,19.608,-155.99
2000-07-05,2000,July,West,Kaloko-Honokohau National Historical Park,unknown,D,D,M,56.3,60.5,44.6,54.5,43.8,N,19.676,-156.035
2000-07-06,2000,July,West,Puako,unknown,D,D,F,42.8,44,,40,35.2,N,19.974,-155.838
2000-07-19,2000,July,West,Kukio Bay,unknown,D,D,M,43,45.3,35.3,41,33.9,N,19.822,-155.997
2000-07-21,2000,July,West,Kaloko-Honokohau National Historical Park,unknown,D,D,F,65,68.5,49.5,61.5,53.5,N,19.676,-156.035
2000-07-23,2000,July,West,Pauoa Bay (Mauna Lani),unknown,A,A,U,,,,,,N,19.951,-155.863
2000-07-24,2000,July,West,Kaloko-Honokohau National Historical Park,unknown,D,D,M,64,68,45.8,58,51.4,N,19.676,-156.035
2000-08-10,2000,August,West,Kawaihae,unknown,D,D,F,64.7,67,48.1,58.5,50.4,N,20.04,-155.832
2000-08-17,2000,August,West,Honaunau Bay,unknown,D,D,F,38.2,40,31.4,36.5,30.5,N,19.418,-155.908
2000-09-05,2000,September,West,Kailua-Kona Bay,boat impact,D,D,U,,,,,,U,19.638,-155.997
2000-11-30,2000,November,West,Puako,unknown,D,D,M,43.2,45.5,33.4,40,34.9,N,19.974,-155.838
2000-12-18,2000,December,West,Puako,line,A,A,U,60,63.9,46.3,56.5,47.7,N,19.974,-155.838
2001-01-18,2001,January,West,Anaehoomalu Bay,unknown,A,A,U,,,,,,U,19.917,-155.888
2001-06-02,2001,June,West,Kahaluu (Keauhou Beach Hotel),unknown,A,D,M,57.6,61,45.7,54,47,N,19.58,-155.967
2001-06-15,2001,June,West,Puako,unknown,D,D,M,57,61,43.7,53.5,46.2,N,19.974,-155.838
2001-06-20,2001,June,West,Honokohau Small Boat Harbor,unknown,D,D,U,,,,,,N,19.67,-156.025
2001-07-29,2001,July,West,Kahaluu Beach Park,unknown,A,A,U,,,,,,N,19.579,-155.967
2001-07-30,2001,July,West,Kaloko-Honokohau National Historical Park,shark attack,D,D,U,,,52.3,63,,N,19.676,-156.035
2001-08-10,2001,August,West,Kona (Hookena Beach),unknown,D,D,F,41.3,43.5,31.6,38.5,32.6,N,19.38,-155.898
2001-11-02,2001,November,West,Honokohau Small Boat Harbor,line,A,A,U,,,,,,N,19.67,-156.025
2001-12-14,2001,December,West,Kaloko-Honokohau National Historical Park (Aiopio Fishtrap),line,A,A,U,54.8,59,42.9,51.5,44.5,N,19.6718,-156.0262
2001-12-28,2001,December,West,Kaloko-Honokohau National Historical Park,shark attack,D,D,U,,,,,,N,19.676,-156.035
2002-01-07,2002,January,West,Puako (Wailea Bay),unknown,D,D,F,42.8,45.5,34,40,33.3,N,19.971,-155.826
2002-02-10,2002,February,West,Kiholo,unknown,D,D,U,47.1,50,36.4,43.5,,N,19.857,-155.934
2002-04-24,2002,April,West,Kaloko-Honokohau National Historical Park (Aimaka Pond),unknown,D,D,F,51.1,54.5,39.5,49.5,41.6,N,19.677,-156.027
2002-08-18,2002,August,West,Kiholo,unknown,D,D,U,,,,,,N,19.857,-155.934
2002-08-23,2002,August,West,Puako (Sullivan House),line,D,D,M,55.2,59.5,43.1,51.5,42.6,N,19.953,-155.856
2002-10-13,2002,October,West,Kailua-Kona Pier,line,A,A,U,,,,,,N,19.637,-155.992
2002-11-06,2002,November,West,Kaloko-Honokohau National Historical Park (Aiopio Pond),boat impact,A,D,F,52.4,55,39,48,42.4,N,19.671,-156.026
2002-12-21,2002,December,West,Kailua-Kona Pier,line,A,A,U,,,,,,N,19.637,-155.992
2003-02-23,2003,February,West,Puako,unknown,U,U,U,,,,,,N,19.974,-155.838
2003-04-16,2003,April,West,Kahaluu,line,A,A,U,,,,,,N,19.576,-155.969
2003-05-10,2003,May,West,Kiholo Bay,unknown,A,A,U,59.4,63.6,49.6,58.1,48.6,Y,19.857,-155.934
2003-06-03,2003,June,West,Kaloko-Honokohau National Historical Park (Lead City),line,A,A,U,56.025,60,,,,N,19.688,-156.038
2003-06-09,2003,June,West,Keauhou,unknown,A,A,U,,,,,,N,19.559,-155.967
2003-07-29,2003,July,West,Kahaluu,unknown,A,A,U,,,,,,N,19.576,-155.969
2003-08-20,2003,August,West,Anaehoomalu Bay,boat impact,A,D,U,62.2,66,48.7,57,51.1,N,19.884,-155.907
2003-08-24,2003,August,West,Mauna Lani Bay,line,D,D,M,41.7,44,34.9,42,33.5,N,19.941,-155.868
2003-10-11,2003,October,West,Kaloko-Honokohau National Historical Park,unknown,A,D,M,49.5,52,36.3,43,38.7,N,19.676,-156.035
2003-10-19,2003,October,West,Honokohau Bay,unknown,D,D,U,69.5,76,56.2,68,57.3,N,19.675,-156.026
2003-11-11,2003,November,West,Valley Kai Condos,unknown,A,A,U,,,,,,U,19.592,-155.971
2004-06-03,2004,June,West,Pelekane Beach,unknown,A,A,U,,,,,,N,20.021,-155.821
2004-06-04,2004,June,West,Kaloko-Honokohau National Historical Park,line,A,A,U,55.5,59,43.8,51,43.8,N,19.676,-156.035
2004-06-13,2004,June,West,Waialea Bay,line,A,A,U,,,,,,N,19.975,-155.825
2004-07-24,2004,July,West,Kiholo,unknown,D,D,F,42.1,44,35.3,41,32.3,N,19.857,-155.934
2004-08-07,2004,August,West,Kailua-Kona Pier,unknown,A,A,U,,,,,,Y,19.637,-155.992
2004-08-13,2004,August,West,Mauna Lani (Keiki Beach),line,A,A,U,,,,,,N,19.948,-155.868
2004-08-13,2004,August,West,Kaloko-Honokohau National Historical Park (Aiopio Pond),unknown,A,D,F,80.1,86.5,60.4,76.5,,Y,19.671,-156.026
2004-11-30,2004,November,West,Kona (Ka'upulehu),unknown,D,D,F,65.6,70,51.9,64,53.1,N,19.825,-155.987
2004-12-01,2004,December,West,Kona (Ka'upulehu),unknown,D,D,M,55.9,61,46.6,53.5,45.7,N,19.825,-155.987
2004-12-01,2004,December,West,Kona (Ka'upulehu),unknown,D,D,M,51.8,55.5,41.7,49,40,N,19.825,-155.987
2004-12-09,2004,December,West,Mauna Lani,human take,D,D,M,,,43,49.5,42.3,N,19.941,-155.867
2005-01-23,2005,January,West,Kawaihae Harbor,unknown,D,D,U,,,,,,N,20.034,-155.824
2005-02-02,2005,February,West,Kona (Ka'upulehu),unknown,D,D,M,47.9,51.5,36.9,43.5,37.9,N,19.825,-155.987
2005-02-25,2005,February,West,Kaloko-Honokohau National Historical Park (Zone B),line,A,A,U,61.4,67.5,,,50.3,N,19.673,-156.026
2005-04-11,2005,April,West,Kona (Mauna Lani),unknown,A,D,M,50.5,54.5,38.5,46.5,40.1,Y,19.941,-155.867
2005-04-21,2005,April,West,Anaehoomalu Bay,line,A,A,U,,,,,,N,19.917,-155.888
2005-05-04,2005,May,West,Kawaihae Bay,unknown,D,D,M,42.4,44.5,37.1,42.5,33,N,20.02,-155.825
2005-05-25,2005,May,West,Kona (Kahaluu Bay),line,D,D,M,53.6,58.5,41.5,50,41.4,N,19.575,-155.968
2005-06-09,2005,June,West,Kaloko-Honokohau National Historical Park,unknown,D,D,F,59.4,64,46.6,56,48.5,N,19.676,-156.035
2005-06-16,2005,June,West,Kona (Holualoa Bay),boat impact,D,D,F,63,72,50.4,58,51,N,19.603,-155.973
2005-07-14,2005,July,West,Anaehoomalu Bay,line,A,A,U,,,,,,N,19.917,-155.888
2005-07-16,2005,July,West,Fairmont Orchid Hotel,unknown,D,D,U,,,,,,N,19.9509,-155.861
2005-07-27,2005,July,West,Kaloko-Honokohau National Historical Park,line,D,D,F,40.5,43,33.2,39,33.8,N,19.676,-156.035
2005-08-08,2005,August,West,Waikoloa,unknown,D,D,U,,,,,,N,19.925,-155.787
2005-08-09,2005,August,West,Kona (Four Seasons Resort Hualalai),unknown,D,D,U,,,,,,N,19.824,-155.989
2005-10-19,2005,October,West,Waikoloa,unknown,D,D,U,,,,,,N,19.923,-155.8756
2005-10-23,2005,October,West,Spencer Beach Park,unknown,D,D,U,,,,,,N,20.024,-155.821
2005-10-25,2005,October,West,Mauna Lani Bay Htl (Bch Club),unknown,D,D,M,44,47,37.2,42.5,34.6,N,19.936,-155.873
2005-11-01,2005,November,West,Kiholo (South Sand Beach),line,D,D,F,47.9,52,39.2,,40.3,N,19.853,-155.92
2005-11-23,2005,November,West,Kiholo Bay,unknown,D,D,F,60.3,65,46.8,59,45.3,N,19.855,-155.919
2005-12-17,2005,December,West,Puako,unknown,A,A,U,,,,,,N,19.974,-155.838
2006-01-25,2006,January,West,Kawaihae Boat Harbor,line,A,A,U,,,,,,N,20.034,-155.824
2006-02-20,2006,February,West,Fairmont Orchid Hotel,unknown,D,D,M,52.1,55.5,40.9,49.5,40.8,N,19.9509,-155.861
2006-04-18,2006,April,West,Kona (Four Seasons Resort Hualalai),unknown,D,D,F,75.5,81,55.2,70.5,59.6,Y,19.824,-155.989
2006-05-10,2006,May,West,Puuhonua O Honaunau,unknown,D,D,F,48.8,52,40.1,45,39.7,N,19.418,-155.908
2006-05-10,2006,May,West,Fairmont Orchid Hotel,unknown,D,D,F,40,44.5,33.3,40.5,33,N,19.9509,-155.861
2006-05-25,2006,May,West,Puuhonua O Honaunau,unknown,D,D,M,57.3,61,43.4,52,52,N,19.418,-155.908
2006-06-01,2006,June,West,Honokohau Small Boat Harbor,fibropapillomatosis,A,A,U,66.7,72.5,53.1,67.5,55.2,Y,19.67,-156.025
2006-06-02,2006,June,West,Puako (Paniau),unknown,D,D,M,55.9,59.5,44,53,45.5,N,19.959,-155.858
2006-06-12,2006,June,West,Fairmont Orchid Hotel,unknown,D,D,M,59.5,63.5,46,55,46.8,N,19.9509,-155.861
2006-07-24,2006,July,West,Puako (24 PBR),line,A,A,U,61,65,51.1,63,49.9,N,19.974,-155.838
2006-08-03,2006,August,West,Kaloko-Honokohau National Historical Park,line,A,A,U,,,,,,N,19.676,-156.035
2006-08-11,2006,August,West,Puako,unknown,D,D,F,52.3,55,40.8,48.5,42.1,N,19.974,-155.838
2006-09-11,2006,September,West,Mauna Lani,shark attack,A,D,M,53.7,57,41.8,49.5,44.2,N,19.941,-155.867
2006-10-29,2006,October,West,Puako,line,D,D,F,52,54.5,41.4,47,39,N,19.974,-155.838
2007-01-16,2007,January,West,Milolii,net,D,D,U,,,,,,N,19.171,-155.912
2007-03-10,2007,March,West,Kaloko-Honokohau National Historical Park (Zone C),unknown,D,D,F,59.6,64,48.9,60,48.1,N,19.677,-156.027
2007-03-14,2007,March,West,Puako (142 PBR),unknown,D,D,F,59.3,63,45.9,54.5,46,N,19.994,-155.826
2007-03-15,2007,March,West,Waikoloa,unknown,D,D,F,66.9,71,49.9,62,54.1,N,19.927,-155.887
2007-04-02,2007,April,West,Anaehoomalu Bay,boat impact,D,D,U,47.4,50,,,39,N,19.917,-155.888
2007-04-23,2007,April,West,Puako (114 PBR),unknown,D,D,M,54.2,57.5,42,50.5,43.7,N,19.965,-155.854
2007-04-23,2007,April,West,Honaunau,unknown,D,D,M,49.5,52,37.4,45.5,40.4,N,19.418,-155.908
2007-05-04,2007,May,West,Puuhonua O Honaunau,unknown,A,A,U,35.6,37,29.9,33.5,29,N,19.418,-155.908
2007-05-19,2007,May,West,Kaloko-Honokohau National Historical Park (Aiopio Pond),shark attack,D,D,U,,,,,,N,19.671,-156.026
2007-06-11,2007,June,West,Kaloko-Honokohau National Historical Park (Aiopio Pond),unknown,D,D,M,53.4,59.5,42.2,53.5,,N,19.671,-156.026
2007-06-26,2007,June,West,Puako (144 PBR),unknown,D,D,U,54.5,57,42.9,49,42.5,N,19.994,-155.826
2007-07-03,2007,July,West,Kaloko-Honokohau National Historical Park (Aiopio Pond),unknown,D,D,F,42.6,45.5,34.5,41.5,34.8,N,19.671,-156.026
2007-07-22,2007,July,West,Puuhonua O Honaunau,unknown,A,A,U,57.1,60.5,44.3,53,46.9,N,19.418,-155.908
2007-08-20,2007,August,West,Kona,line,A,A,U,,,,,,N,19.608,-155.99
2007-09-13,2007,September,West,Kona (Four Seasons Resort Hualalai),unknown,D,D,U,50.2,53,40.5,47,40.5,N,19.823,-155.989
2007-10-24,2007,October,West,Waikoloa (Hilton Waikoloa Village),unknown,D,D,M,57.1,60,46.4,53,46,N,19.917,-155.888
2007-11-10,2007,November,West,Anaehoomalu Bay,unknown,A,D,F,46,48.5,39,45,37.7,N,19.917,-155.888
2008-01-10,2008,January,West,Kiholo Bay,unknown,D,D,U,,,,,,N,19.855,-155.922
2008-03-04,2008,March,West,Kailua-Kona Pier,boat impact,A,D,M,43.3,45.5,34,39,35,N,19.637,-155.992
2008-03-06,2008,March,West,Kailua-Kona Pier,line,D,D,M,55.2,57.5,42.1,50,42.4,N,19.637,-155.992
2008-03-06,2008,March,West,Keauhou Bay,line,D,D,U,43.5,47,32.6,39,,N,19.559,-155.967
2008-03-12,2008,March,West,Puuhonua O Honaunau,line,A,A,U,,,,,,N,19.409,-155.904
2008-04-02,2008,April,West,Puuhonua O Honaunau,unknown,D,D,F,37.8,40,31.2,35.5,30.3,N,19.409,-155.904
2008-04-18,2008,April,West,Kona (Four Seasons Resort Hualalai),unknown,D,D,F,57.8,62.5,45.5,54.5,48,N,19.831,-155.988
2008-04-27,2008,April,West,Kaloko-Honokohau National Historical Park,miscellaneous,D,D,F,71.3,76.5,53.8,67.5,57.5,N,19.676,-156.035
2008-05-20,2008,May,West,Puuhonua O Honaunau,unknown,D,D,F,54.7,58,41.5,50.5,41,N,19.409,-155.904
2008-05-22,2008,May,West,Waikoloa,unknown,D,D,F,51.7,54,,,,N,19.926,-155.888
2008-06-01,2008,June,West,Kahaluu,unknown,A,D,U,,,,,,N,19.58,-155.967
2008-06-23,2008,June,West,Honaunau NHP,unknown,D,D,M,43.5,46,34.2,40.5,34.6,N,19.4222,-155.9108
2008-07-06,2008,July,West,Puako (64 PBR),line,A,A,U,56.025,60,,53.5,,N,19.968,-155.848
2008-07-10,2008,July,West,Mauna Lani,line,A,A,U,,,,,,N,19.943,-155.87
2008-09-12,2008,September,West,Fairmont Orchid Hotel,unknown,A,A,F,39.7,42,,37,,N,19.941,-155.867
2008-10-27,2008,October,West,Kau (Road to the Sea),human take,D,D,U,,,,,,U,19.019,-155.835
2008-12-31,2008,December,West,Waikoloa,boat impact,A,D,M,50.5,53,38.4,46.5,41.2,N,19.917,-155.884
2009-01-02,2009,January,West,Keauhou Bay,line,D,D,F,52.6,55,39.7,46.5,42.6,N,19.559,-155.967
2009-02-07,2009,February,West,Puako,line,A,A,U,40,43,,,,N,19.974,-155.838
2009-02-19,2009,February,West,Kona (Kekaha Kai),unknown,A,A,U,,,,,,N,19.793,-156.027
2009-03-08,2009,March,West,Kaloko-Honokohau National Historical Park,shark attack,D,D,U,58.1,63,,54,46.7,N,19.676,-156.035
2009-03-24,2009,March,West,Waikoloa,unknown,D,D,F,57.3,60.5,50.4,55.5,47.8,N,19.926,-155.888
2009-05-13,2009,May,West,Waikoloa,unknown,D,D,F,40.7,42.5,34.1,38,33.3,N,19.926,-155.888
2009-05-17,2009,May,West,Mauna Lani,unknown,D,D,F,58.5,62.5,48.4,57,49.9,N,19.941,-155.867
2009-05-22,2009,May,West,Puako,unknown,D,D,U,49.5,53.5,39,47,39.2,N,19.974,-155.838
2009-07-03,2009,July,West,Keauhou Bay,line,A,A,U,,,,,,N,19.559,-155.967
2009-09-08,2009,September,West,Kaloko-Honokohau National Historical Park  (Maliu Pt),boat impact,D,D,U,77.4,83.5,58.3,72.5,63.9,N,19.6733,-156.0309
2009-09-28,2009,September,West,Waikoloa (Hilton Waikoloa Lagoon),unknown,D,D,F,47.8,50.5,37.6,45,40,N,19.925,-155.888
2009-10-18,2009,October,West,Kiholo Bay,shark attack,D,D,U,66.7,71,,,52.6,N,19.857,-155.934
2009-12-10,2009,December,West,Kona (Bali Kai Condos),line,A,A,U,63.7,70,53.4,61.5,51.3,N,19.608,-155.978
2010-04-07,2010,April,West,Honokohau Small Boat Harbor,boat impact,D,D,M,66.5,71.5,50.9,63,52,N,19.67,-156.025
2010-04-07,2010,April,West,Puako (140 PBR),unknown,D,D,F,45.7,49,38,45,37,N,19.9617,-155.8569
2010-05-09,2010,May,West,Kiholo,unknown,U,D,U,,,,,,N,19.8604,-155.9209
2010-05-09,2010,May,West,Kiholo,unknown,U,D,U,,,,,,N,19.8604,-155.9209
2010-05-09,2010,May,West,Kiholo,unknown,U,D,U,,,,,,N,19.8604,-155.9209
2010-05-09,2010,May,West,Kiholo,unknown,U,D,U,,,,,,N,19.8604,-155.9209
2010-05-09,2010,May,West,Kiholo,unknown,U,D,U,,,,,,N,19.8604,-155.9209
2010-06-10,2010,June,West,Keauhou Bay,line,A,A,U,55.112,59,,,,N,19.5513,-155.961
2010-06-20,2010,June,West,Kona (Kohanaiki),human take,D,D,U,,,,,,N,19.6985,-156.0468
2010-07-13,2010,July,West,Keauhou Bay,line,A,D,F,46.2,49.5,36.2,42.5,37,N,19.5622,-155.9621
2010-09-07,2010,September,West,Keauhou Harbor,unknown,D,D,M,52.7,56,40.7,51,41.3,N,19.5621,-155.9621
2010-10-07,2010,October,West,Keauhou Bay,line,A,A,U,57.2,60.5,45.9,55,45.8,N,19.5642,-155.9681
2011-02-07,2011,February,West,Kahaluu,line,A,A,U,49.9,54,42.1,49,40.4,N,19.5778,-155.9684
2011-03-11,2011,March,West,Puako,unknown,A,A,U,54.199,58,,,,U,,
2011-03-13,2011,March,West,Kona (Makalewena),miscellaneous,A,A,U,44.156,47,,,,N,19.7944,-156.0314
2011-03-13,2011,March,West,Kona (Makalewena),miscellaneous,A,A,U,45.5255,48.5,,,,N,19.7912,-156.0286
2011-03-13,2011,March,West,Kona (Makalewena),miscellaneous,A,A,U,62.416,67,,,,N,19.7912,-156.0286
2011-03-13,2011,March,West,Kona (Makalewena),miscellaneous,A,A,U,50.547,54,,,,N,19.7974,-156.0134
2011-03-13,2011,March,West,Kona (Makalewena),miscellaneous,A,A,U,52.373,56,,,,N,19.7912,-156.0286
2011-03-13,2011,March,West,Kona (Makalewena),miscellaneous,A,A,U,46.4385,49.5,,,,N,19.7912,-156.0286
2011-03-13,2011,March,West,Kona (Makalewena),miscellaneous,A,A,U,41.8735,44.5,,,,N,19.7912,-156.0286
2011-03-13,2011,March,West,Kona (Makalewena),miscellaneous,A,A,U,57.851,62,,,,N,19.7912,-156.0286
2011-03-13,2011,March,West,Kona (Makalewena),miscellaneous,A,A,U,55.5685,59.5,,,,N,19.7912,-156.0286
2011-03-13,2011,March,West,Kona (Makalewena),miscellaneous,A,A,U,40.9605,43.5,,,,N,19.7912,-156.0286
2011-03-14,2011,March,West,Kona (Makalewena),miscellaneous,A,A,U,,,,,,N,19.7912,-156.0286
2011-03-14,2011,March,West,Kona (Makalewena),miscellaneous,A,A,U,,,,,,N,19.7912,-156.0286
2011-03-14,2011,March,West,Kona (Makalewena),miscellaneous,A,A,U,,,,,,N,19.7912,-156.0286
2011-03-14,2011,March,West,Kona (Makalewena),miscellaneous,A,A,U,,,,,,N,19.7944,-156.0314
2011-03-17,2011,March,West,Mauna Lani (Anchialine Pond),miscellaneous,A,A,U,51.7,55,44.2,48,44.3,N,19.9454,-155.8685
2011-03-17,2011,March,West,Mauna Lani (Anchialine Pond),miscellaneous,A,A,U,45.5,48,37.5,44,37,N,19.9454,-155.8685
2011-03-17,2011,March,West,Mauna Lani (Anchialine Pond),miscellaneous,A,A,U,53.2,57,41,50,42.8,N,19.9454,-155.8685
2011-03-21,2011,March,West,Mauna Lani (Keiki Beach),line,A,A,U,46.5,49.5,38.1,45,,N,19.945,-155.8689
2011-04-12,2011,April,West,Kona (Bali Kai Hotel),line,A,A,U,,,,,,N,19.6076,-155.9778
2011-04-23,2011,April,West,Waimea (Spencer Beach Park),miscellaneous,A,D,F,52.1,55,41.1,49.5,42.8,N,20.0236,-155.8226
2011-05-14,2011,May,West,Mauna Lani Bay Hotel (Wai Puhi Pond),miscellaneous,A,A,U,55.5,59,43,52.5,45.1,N,19.9453,-155.8684
2011-05-16,2011,May,West,Kailua-Kona Pier,boat impact,D,D,U,,,,,,N,19.6384,-155.9968
2011-05-22,2011,May,West,Puako (44 Puako Beach Road),unknown,D,D,F,53.2,56,40.5,50.5,43.2,N,19.9696,-155.8439
2011-07-09,2011,July,West,Puako (86 PBR),unknown,D,D,U,,,,,,N,19.9679,-155.8499
2011-07-13,2011,July,West,Honokohau Small Boat Harbor,unknown,D,D,M,79.1,83.5,55.9,73.5,68,N,19.6687,-156.0243
2011-08-19,2011,August,West,Waikoloa (Kahapapa Pond),unknown,A,A,U,60.6,67,47.5,57.5,,N,19.9162,-155.8869
2011-08-29,2011,August,West,Honokohau Small Boat Harbor,line,D,D,F,,,49.2,58.5,48.3,N,19.669,-156.022
2011-09-26,2011,September,West,Kona (Honl's Beach),shark attack,D,D,U,,,47.7,56.5,,N,19.6284,-155.9885
2011-10-29,2011,October,West,Kona (Kekaha Kai),line,A,A,U,,,,,,N,19.791,-156.0285
2011-11-18,2011,November,West,Kiholo,line,A,A,U,43.9,47,36.9,44,36.2,N,19.8552,-155.9244
2012-01-17,2012,January,West,Waikoloa,line,A,A,U,,,,,,N,19.9255,-155.8899
2012-02-01,2012,February,West,Honokohau Small Boat Harbor,unknown,D,D,U,,,,,,U,19.6693,-156.0266
2012-02-26,2012,February,West,Kawaihae Small Boat Harbor,unknown,D,D,M,45.2,48,37.5,43,36.3,N,20.0335,-155.8268
2012-05-06,2012,May,West,Puuhonua O Honaunau,unknown,D,D,U,,,,,,N,19.4212,-155.9121
2012-05-08,2012,May,West,Kaloko-Honokohau National Historical Park,unknown,D,D,U,47,49,,,,N,19.6774,-156.0279
2012-05-22,2012,May,West,Keauhou Bay,unknown,A,A,U,56.5,60.5,44.8,54,45.2,N,19.5615,-155.9623
2012-06-13,2012,June,West,Puako (82 PBR),unknown,D,D,F,37.3,39,30,36,29.5,N,19.9679,-155.8494
2012-06-14,2012,June,West,Waikoloa (Hilton Waikoloa Village),unknown,D,D,M,53.5,57.5,42.2,52,42.2,N,19.926, 
2012-06-29,2012,June,West,Puako (60 PBR),shark attack,D,D,U,,,44.3,52.5,,N,19.9684,-155.846
2012-07-24,2012,July,West,Spencer Beach Park,line,A,A,U,53.4,57,41.5,50.5,,N,20.0237,-155.8228
2012-08-07,2012,August,West,Puako (112 PBR),unknown,D,D,F,52.3,56,41,49.5,41.7,N,19.9656,-155.854
2012-08-22,2012,August,West,Puako,boat impact,D,D,M,55.4,59,42.1,50.5,43.4,N,19.9741,-155.8317
2012-10-05,2012,October,West,Waialea Bay,unknown,D,D,F,60.2,63,,,46.3,N,19.9797,-155.8292
2012-10-16,2012,October,West,Honokohau Small Boat Harbor,unknown,A,A,U,,,,,,U,19.6699,-156.0261
2012-10-24,2012,October,West,Mauna Lani,line,D,D,U,,,,,,U,19.9471,-155.8677
2012-12-27,2012,December,West,Waikoloa (Hilton Waikoloa Lagoon),line,A,A,U,56,60.5,44.2,54,45,N,19.925,-155.888
2013-01-04,2013,January,West,Keauhou Bay,line,D,D,F,45.8,49.5,,,36.4,N,19.5625,-155.9622
2013-02-27,2013,February,West,Puuhonua O Honaunau,unknown,D,D,F,50.5,54,,,,N,19.4191,-155.9127
2013-03-06,2013,March,West,Puako (144 PBR),unknown,D,D,U,38.7,41,,,,U,19.9617,-155.857
2013-03-12,2013,March,West,Fairmont Orchid Hotel,unknown,D,D,M,54.7,55,,,,N,19.9542,-155.8613
2013-03-31,2013,March,West,Kona (Old Airport Beach),unknown,D,D,F,46.9,49,,,,N,19.6442,-156.0123
2013-04-15,2013,April,West,Puuhonua O Honaunau,unknown,D,D,U,34.1,35.5,,,,N,19.4214,-155.9129
2013-05-05,2013,May,West,Puako (94 PBR),unknown,D,D,M,46.9,49.5,,,,N,19.967,-155.852
2013-05-31,2013,May,West,Puako (142 PBR),unknown,D,D,U,60.9,65,,,,N,19.9617,-155.857
2013-07-21,2013,January,West,Honokohau Small Boat Harbor,boat impact,D,D,M,56.9,61,,,,N,19.6696,-156.0224
2013-10-05,2013,October,West,Kiholo,line,A,A,U,,,,,,U,19.856,-155.9215
2013-10-29,2013,October,West,Anaehoomalu Bay,unknown,D,D,F,56.4,61,,,,N,19.9173,-155.8884
2013-12-05,2013,December,West,Puako (138 Puako Beach Road),line,A,A,U,56.4,,44.5,,,N,19.9618,-155.8569
2014-03-25,2014,March,West,Waikoloa (Mauna Lani Bay Hotel),unknown,D,D,F,49.8,53,39.8,48,39,N,19.9477,-155.8671
2014-04-26,2014,April,West,Waikoloa (Hilton Waikoloa Village),unknown,A,D,F,56.9,61,45.8,54.5,46.4,N,19.9253,-155.8882
2014-04-30,2014,April,West,Puuhonua O Honaunau National Historical Park,unknown,D,D,M,40.5,43,32.9,38.5,31,N,19.4216,-155.9133
2014-06-13,2014,June,West,Kona (Kukio Bay),shark attack,A,D,M,66,71,52.7,70,52.3,N,19.8281,-155.9932
2014-06-24,2014,June,West,Kiholo Bay (Lagoon),shark attack,D,D,U,,,,,57.6,N,19.8565,-155.9205
2014-07-08,2014,June,West,Waikoloa (Hilton Waikoloa Village),unknown,D,D,M,60.4,65,48.6,57,48.5,N,19.9246,-155.8876
2014-07-20,2014,June,West,Waikoloa (Hilton Waikoloa Village),unknown,D,D,M,68.1,71,52.3,65,54.3,N,19.9247,-155.8908
2014-12-28,2014,December,West,Kona (Four Seasons Resort Hualalai),unknown,D,D,U,49,51,,,39.7,N,19.8266,-155.9951
2015-01-23,2015,January,West,Kawaihae (Harbor),boat impact,D,D,U,,,,,,N,20.0314,-155.8297
2015-01-23,2015,January,West,Waikoloa (Mauna Lani Bay Hotel),unknown,A,A,U,42,44.5,32.7,39,33.6,N,19.9451,-155.8683
2015-02-10,2015,February,West,Waikoloa (Mauna Lani Bay Hotel),unknown,A,A,U,44.8,47.5,44.1,41.5,34.3,N,19.9454,-155.8686
2015-02-12,2015,February,West,Waikoloa (Hilton Waikoloa Village),unknown,A,A,U,60.1,64,47.9,57,49,N,19.9251,-155.8883
2015-02-17,2015,February,West,Waikoloa (Hilton Waikoloa Village),unknown,D,D,F,57.5,61,45.8,55,45.6,N,19.9258,-155.8888
2015-04-01,2015,April,West,Puako,unknown,A,A,U,40.6,42,34.5,39,,N,19.9765,-155.83148
2015-05-24,2015,May,West,Puako,unknown,D,D,M,56.4,59,43.8,52.5,45,N,19.9687,-155.8455
2015-06-04,2015,June,West,Puako,unknown,D,D,M,45.4,48,34,40,36.8,N,19.968,-155.8498
2015-06-04,2015,June,West,Puako,unknown,D,D,U,,,,,,U,19.968,-155.8498
2015-06-18,2015,June,West,Kona (Kekaha Kai State Park),line,A,A,U,54.199,58,,,,N,19.7813,-156.0386
2015-07-24,2015,July,West,Puako (138 Puako Beach Road),unknown,D,D,M,54.3,57,41,49,38.5,N,19.9631,-155.856
2015-08-09,2015,August,West,Kiholo Bay,unknown,D,D,M,58,62,46.8,56,46.9,N,19.8549,-155.9209
2015-09-06,2015,September,West,Puuhonua o Honaunau National Historic Park,unknown,D,D,U,,,,,,U,19.4233,-155.9119
2015-12-09,2015,December,West,Waikoloa (Hilton Waikoloa Village),unknown,D,D,M,56.3,59.5,42.4,50,44.9,N,19.9252,-155.8877
2015-12-29,2015,December,West,Kona Village Resort,unknown,U,D,F,39.2,41.8,31.5,36.6,,N,19.832,-155.9859
2016-01-08,2016,January,West,Kaloko-Honokohau National Historical Park,unknown,A,A,U,,,,,,N,19.673,-156.0261
2016-03-25,2016,March,West,Kona (Pine Trees Beach),unknown,D,D,M,41.2,43.5,34,40,32.4,N,19.7158,-156.0497
2016-04-06,2016,April,West,Kona (Kekaha Kai State Park),unknown,D,D,M,35.5,37.5,28.8,34,28.4,N,19.7934,-156.028
2016-04-25,2016,April,West,Puako (Waialea Bay),unknown,D,D,M,44.6,47.5,34.7,41,36.8,N,19.9789,-155.8299
2016-06-26,2016,June,West,Kiholo,unknown,D,D,M,55.6,59,44.6,52.5,43.3,N,19.8501,-155.9501
2016-07-16,2016,July,West,Puako,unknown,A,D,U,,,,,,U,19.9664,-155.8526
2016-08-22,2016,August,West,Kaloko-Honokohau National Historical Park,unknown,D,D,U,,,,,,U,19.6722,-156.026
2016-08-22,2016,August,West,Kaloko-Honokohau National Historical Park,line,D,D,M,83,87,62,79,66.5,N,19.6722,-156.026
2016-10-13,2016,October,West,Waikoloa (Hilton Waikoloa Lagoon),unknown,D,D,M,60.4,65.1,47.7,56.2,51,N,19.9252,-155.8877
2016-10-30,2016,October,West,Puako (138 Puako Beach Road),unknown,D,D,U,54.6555,58.5,,50.8,,N,19.962154,-155.856251
2016-11-12,2016,November,West,Puako,line,A,D,F,46.7,49,37.8,45,37.9,N,19.964968,-155.854675
2016-12-14,2016,December,West,Puako,line,D,D,F,45.4342,48.4,35.1,40.5,35.9,N,19.974355,-155.832734
2017-01-03,2017,January,West,Puako (64 PBR),line,A,A,U,64.6985,69.5,,61.5,,N,19.968256,-155.84652
2017-02-22,2017,February,West,Kona,boat impact,A,D,F,40.5,43.5,33.7,30,32.7,N,19.64771,-156.021223
2017-04-27,2017,April,East,Kaalualu,unknown,D,D,M,49.1,52.5,39.4,47,39.6,N,18.9695,-155.6175
2017-05-07,2017,May,West,Puako Beach Road #56,shark attack,D,D,U,,,50.2,59.5,,N,19.968585,-155.845673
2017-05-07,2017,May,West,Puako,unknown,D,D,U,66.8,72.4,52,,,N,19.9733,-155.8386
2017-05-29,2017,May,West,Kona,unknown,D,D,F,58.1,60.5,46,53,45.1,N,19.966035,-155.85234
2017-05-29,2017,May,West,Puako,unknown,D,D,U,57.3945,61.5,,,,U,19.966437,-155.8525
2017-06-27,2017,June,West,Kona,unknown,D,D,F,45.4,47.5,36.6,43,37.7,N,,
2017-07-15,2017,June,West,Puako,unknown,D,D,U,22.244,23,,,,N,,
2017-08-02,2017,August,West,Pelekane Beach,unknown,D,D,F,38.3,40,32,38.5,30.7,N,20.0279,-155.8233
2017-10-03,2017,October,West,Honokohau,boat impact,A,A,U,,,,,,U,,
2017-10-03,2017,October,West,Wailea,unknown,D,D,F,46.3,49,36.6,43.5,35.7,N,19.97944,-155.8292
2018-02-07,2018,February,West,Puako,line,A,A,U,59.2205,63.5,,60,,N,19.964927,-155.855124
2018-02-23,2018,February,West,Kona,unknown,D,D,F,55.5,59,43.8,53,43.6,N,,
2018-02-25,2018,February,West,Kona,line,A,D,M,54.9,58.5,41.8,49.5,44.2,N,,
2018-03-12,2018,March,West,Kona,line,A,A,U,50.5,54,39.7,47,41.6,N,19.964924,-155.855017
2018-03-21,2018,March,West,Kona,boat impact,A,A,U,63.7,67.5,50.4,58,,N,,
2018-03-29,2018,March,West,Waikoloa (Hilton Waikoloa Lagoon),unknown,A,D,M,48.4,52,39.5,45.5,39.3,N,19.9253,-155.8882
2018-04-08,2018,April,West,Kona,unknown,D,D,F,43.2,45,35.5,40.5,34.5,N,19.967498,-155.851249
2018-04-29,2018,April,West,Kaloko,unknown,D,D,U,40.2,42.5,31.7,38.5,31,N,19.680494,-156.032132
2018-05-03,2018,May,West,Kaloko,unknown,D,D,F,57.2,60.5,46.9,56,47.4,N,,
2018-06-14,2018,June,West,Kona,unknown,D,D,U,41.7,44,34.6,41.9,,U,,
2018-06-14,2018,June,West,Kona,unknown,D,D,U,39.6,42.5,34.1,40.7,,U,,
2018-07-02,2018,July,West,Anaehoomalu Bay,line,A,A,U,43.6995,46.5,,40.5,,N,19.923209,-155.890848
2018-07-02,2018,July,West,Kona,miscellaneous,D,D,F,36.5,39,30.1,35,28.5,N,,
2018-07-08,2018,July,West,Anaehoomalu Bay,line,A,D,F,56.3,60.5,46.3,56.5,45.7,N,19.915828,-155.886837
2018-07-31,2018,July,West,Puako,line,D,D,M,58.2,61.5,47.6,57.5,47.3,N,19.972819,-155.839599
2018-08-12,2018,August,West,Puako,unknown,D,D,F,61.1,64.5,48.1,57,51.1,N,,
2018-08-13,2018,August,West,Kaloko Pond,miscellaneous,D,D,F,39.6,42,32.6,38.5,32,N,,
2018-08-18,2018,August,West,Puako,unknown,D,D,M,50.5,54.5,39.4,46.1,38,N,19.96778,-155.850628
2018-08-19,2018,August,West,Aimakapa Beach,shark attack,A,D,M,62.9,65.5,,,48.3,N,,
2018-08-30,2018,August,West,Mauna Lani,unknown,D,D,F,46.6,49.5,35.7,41.8,37.7,U,19.944707,-155.86942
2018-10-22,2018,October,West,Kiholo Bay,unknown,D,D,M,39.2,41.5,31.3,37,31.5,N,,
2018-10-31,2018,October,West,Puako,unknown,D,D,U,,,,,,U,19.961803,-155.856698
2018-11-17,2018,November,West,Kiholo Bay,shark attack,D,D,F,67.6,70.5,55.5,67,53.7,N,19.854798,-155.92019
2019-01-29,2019,January,West,Puako,unknown,A,A,U,53,56.5,44,51,42.4,N,19.971925,-155.84148
2019-02-23,2019,February,West,Kona,unknown,D,D,M,44.4,47.5,35.1,41.1,36.1,N,,
2019-02-27,2019,February,West,Kona,line,D,D,F,36.8,39.5,30.3,34.5,30.5,N,20.023023,-155.822533
2019-03-25,2019,March,West,Kona,unknown,A,A,U,35,37,30,34.2,28.1,N,19.973078,-155.832521
2019-04-09,2019,April,West,Honokohau Small Boat Harbor,line,D,D,M,53.8,57,45.1,51,41.9,N,,
2019-04-17,2019,April,West,Kona,unknown,D,D,M,36.1,38,29.7,35.2,28.3,U,20.032136,-155.825619
2019-04-21,2019,April,West,Kona,net,D,D,U,54.5642,58.4,,63.5,,U,,
2019-06-13,2019,June,West,Honokohau Small Boat Harbor,unknown,D,D,F,,,,,,U,,
2019-06-19,2019,June,West,Kaloko-Honokohau National Historical Park,shark attack,A,D,M,,,,,43.3,U,,
2019-06-22,2019,June,West,Kona,unknown,D,D,U,39.2,41.3,30.2,35.7,31.4,U,19.584992,-155.9678
2019-07-26,2019,July,West,Kiholo,line,A,D,U,61.3,66,47.9,61.6,50.8,U,19.854485,-155.920588
2019-08-15,2019,August,West,Honaunau,unknown,D,D,F,39,40.3,31.5,36.5,7,N,,
2019-09-04,2019,September,West,Kona,unknown,D,D,M,45.1,47.8,36.5,44,36.8,N,,
2019-09-10,2019,September,West,Aimakapa Beach,miscellaneous,D,D,M,65.5,69,51.7,60,,U,,
2019-09-18,2019,September,West,Keahou,unknown,A,D,U,48.3,51.5,37.8,46.5,39.5,U,19.56207,-155.96232
2019-10-20,2019,October,West,Kona,unknown,D,D,M,50.1,53,39.7,47,37.6,U,19.965454,-155.854186
2019-11-20,2019,November,West,22 Puako Beach Road,unknown,A,A,U,38.5,42.1,31.6,36.4,31.7,N,,
2020-01-20,2020,January,West,Paniau,line,A,A,U,54.9,59,43.7,52.3,44.4,N,19.95732,-155.858131
2020-03-03,2020,March,West,Kona,unknown,D,D,M,58.2,62,48.2,57.5,40.2,U,,
2020-10-10,2020,October,West,Kona,line,D,D,F,74.7,79,59,75.5,,U,20.024899,-155.823431