"","date","cause","Side","Cause","Status","Sex","SCL","Age","Tumor","year"
"1",1983-10-01,"human","E","Human take","D","F",NA,NA,"U",1983
"2",1984-05-01,"unknown","E","Unknown","D","U",NA,NA,"N",1984
"3",1984-02-01,"human","E","Net","A","U",41.3,"j","N",1984
"4",1984-01-01,"human","E","Hook/line","A","U",40.504,"j","N",1984
"5",1984-07-01,"human","E","Human take","D","U",NA,NA,"U",1984
"6",1984-03-01,"human","E","Hook/line","A","U",38.1,"j","N",1984
"7",1984-11-01,"human","E","Human take","D","U",NA,NA,"N",1984
"8",1985-08-01,"natural","E","FP","D","U",NA,NA,"Y",1985
"9",1985-08-01,"natural","E","Misc.","A","U",NA,NA,"N",1985
"10",1985-07-01,"human","E","Human take","D","U",NA,NA,"U",1985
"11",1985-07-01,"human","E","Human take","D","U",NA,NA,"U",1985
"12",1985-07-01,"human","E","Human take","D","U",NA,NA,"U",1985
"13",1985-11-01,"natural","E","FP","A","U",45.069,"j","Y",1985
"14",1986-05-01,"unknown","E","Unknown","A","U",35.939,"j","N",1986
"15",1986-05-01,"unknown","E","Unknown","A","U",35.939,"j","N",1986
"16",1986-01-01,"human","E","Net","D","F",97.5,"a","U",1986
"17",1986-07-01,"human","E","Human take","A","U",NA,NA,"U",1986
"18",1987-10-01,"unknown","E","Unknown","D","F",NA,NA,"U",1987
"19",1988-09-01,"unknown","E","Unknown","D","M",NA,NA,"N",1988
"20",1989-04-01,"unknown","E","Unknown","D","U",NA,NA,"N",1989
"21",1989-08-01,"human","E","Human take","A","U",NA,NA,"U",1989
"22",1989-01-01,"natural","E","FP","A","U",NA,NA,"Y",1989
"23",1989-01-01,"unknown","E","Unknown","A","U",NA,NA,"Y",1989
"24",1989-10-01,"unknown","E","Unknown","D","U",NA,NA,"N",1989
"25",1989-09-01,"human","E","Human take","D","F",75.198,"s","N",1989
"26",1989-09-01,"unknown","E","Unknown","D","F",77.7544,"s","Y",1989
"27",1990-04-01,"human","E","Hook/line","A","U",42.7865,"j","N",1990
"28",1990-07-01,"unknown","E","Unknown","A","U",NA,NA,"Y",1990
"29",1990-07-01,"unknown","E","Unknown","A","U",19.8,"j","N",1990
"30",1990-07-01,"unknown","E","Unknown","A","U",NA,NA,"Y",1990
"31",1990-06-01,"unknown","E","Unknown","A","U",49.634,"j","N",1990
"32",1990-06-01,"unknown","E","Unknown","A","U",49.634,"j","N",1990
"33",1991-04-01,"unknown","E","Unknown","D","M",39.7,"j","N",1991
"34",1991-04-01,"unknown","E","Unknown","D","F",37.9,"j","N",1991
"35",1991-07-01,"unknown","E","Unknown","D","U",NA,NA,"N",1991
"36",1991-07-01,"unknown","E","Unknown","D","U",39.2,"j","N",1991
"37",1992-12-01,"unknown","E","Unknown","A","U",NA,NA,"Y",1992
"38",1992-02-01,"natural","E","FP","A","U",NA,NA,"Y",1992
"39",1992-09-01,"natural","E","Misc.","A","F",39.4,"j","N",1992
"40",1992-09-01,"unknown","E","Unknown","D","F",48.3,"j","Y",1992
"41",1993-04-01,"unknown","E","Unknown","A","U",NA,NA,"U",1993
"42",1993-08-01,"unknown","E","Unknown","D","U",NA,NA,"U",1993
"43",1993-02-01,"human","E","Human take","D","U",NA,NA,"Y",1993
"44",1993-02-01,"human","E","Human take","D","U",43.3,"j","U",1993
"45",1993-02-01,"human","E","Human take","D","U",41.5,"j","U",1993
"46",1993-02-01,"human","E","Hook/line","A","F",46.4,"j","Y",1993
"47",1993-02-01,"unknown","E","Unknown","D","F",82.4107,"a","Y",1993
"48",1993-07-01,"natural","E","FP","D","U",99,"a","Y",1993
"49",1993-06-01,"unknown","E","Unknown","A","U",48,"j","N",1993
"50",1993-03-01,"unknown","E","Unknown","A","U",NA,NA,"Y",1993
"51",1993-09-01,"unknown","E","Unknown","A","U",59.677,"j","N",1993
"52",1994-05-01,"unknown","E","Unknown","D","U",NA,NA,"U",1994
"53",1994-04-01,"unknown","E","Unknown","U","M",45.3,"j","Y",1994
"54",1994-01-01,"human","E","Hook/line","A","U",NA,NA,"N",1994
"55",1994-01-01,"human","E","Hook/line","A","U",NA,NA,"N",1994
"56",1994-07-01,"unknown","E","Unknown","D","U",NA,NA,"Y",1994
"57",1994-07-01,"unknown","E","Unknown","D","U",NA,NA,"N",1994
"58",1994-06-01,"human","E","Boat impact","A","U",NA,NA,"N",1994
"59",1994-11-01,"unknown","E","Unknown","D","U",NA,NA,"Y",1994
"60",1994-11-01,"unknown","E","Unknown","A","U",NA,NA,"Y",1994
"61",1994-10-01,"unknown","E","Unknown","D","U",NA,NA,"N",1994
"62",1994-10-01,"unknown","E","Unknown","A","U",62.416,"j","Y",1994
"63",1995-04-01,"unknown","E","Unknown","D","U",NA,NA,"U",1995
"64",1995-08-01,"human","E","Hook/line","D","U",NA,NA,"N",1995
"65",1995-08-01,"unknown","E","Unknown","A","U",NA,NA,"U",1995
"66",1995-07-01,"human","E","Hook/line","A","U",NA,NA,"N",1995
"67",1995-07-01,"natural","E","Misc.","A","M",68.4,"s","Y",1995
"68",1995-07-01,"human","E","Net","A","U",NA,NA,"U",1995
"69",1995-07-01,"unknown","E","Unknown","D","U",NA,NA,"N",1995
"70",1995-07-01,"unknown","E","Unknown","A","U",NA,NA,"N",1995
"71",1995-06-01,"unknown","E","Unknown","A","U",NA,NA,"N",1995
"72",1995-06-01,"unknown","E","Unknown","A","U",NA,NA,"U",1995
"73",1995-03-01,"unknown","E","Unknown","D","U",NA,NA,"N",1995
"74",1995-10-01,"unknown","E","Unknown","D","U",NA,NA,"N",1995
"75",1996-01-01,"unknown","E","Unknown","D","U",NA,NA,"U",1996
"76",1996-07-01,"unknown","E","Unknown","D","U",NA,NA,"U",1996
"77",1996-10-01,"unknown","E","Unknown","A","U",NA,NA,"Y",1996
"78",1996-10-01,"unknown","E","Unknown","A","U",NA,NA,"Y",1996
"79",1996-09-01,"unknown","E","Unknown","U","U",NA,NA,"U",1996
"80",1997-04-01,"unknown","E","Unknown","A","U",NA,NA,"Y",1997
"81",1997-12-01,"unknown","E","Unknown","A","U",NA,NA,"Y",1997
"82",1997-06-01,"natural","E","FP","A","F",56.5,"j","Y",1997
"83",1998-04-01,"unknown","E","Unknown","D","U",NA,NA,"U",1998
"84",1998-08-01,"human","E","Hook/line","D","U",NA,NA,"U",1998
"85",1998-02-01,"human","E","Net","A","U",NA,NA,"U",1998
"86",1998-07-01,"unknown","E","Unknown","U","U",NA,NA,"U",1998
"87",1998-06-01,"unknown","E","Unknown","A","U",NA,NA,"Y",1998
"88",1998-06-01,"unknown","E","Unknown","D","U",NA,NA,"U",1998
"89",1998-03-01,"unknown","E","Unknown","A","U",NA,NA,"Y",1998
"90",1998-10-01,"unknown","E","Unknown","A","U",NA,NA,"Y",1998
"91",1999-04-01,"natural","E","FP","D","U",NA,NA,"Y",1999
"92",1999-08-01,"human","E","Hook/line","A","U",NA,NA,"N",1999
"93",1999-12-01,"natural","E","FP","A","U",67.7,"s","Y",1999
"94",1999-12-01,"unknown","E","Unknown","D","F",48.9,"j","N",1999
"95",1999-02-01,"unknown","E","Unknown","A","U",NA,NA,"Y",1999
"96",1999-06-01,"unknown","E","Unknown","D","U",73.6,"s","N",1999
"97",1999-10-01,"natural","E","FP","A","U",75.8,"s","Y",1999
"98",1999-10-01,"unknown","E","Unknown","A","F",63.7,"j","Y",1999
"99",2000-05-01,"unknown","E","Unknown","A","U",NA,NA,"Y",2000
"100",2000-02-01,"unknown","E","Unknown","A","U",NA,NA,"U",2000
"101",2000-02-01,"unknown","E","Unknown","D","M",80.2,"s","N",2000
"102",2000-01-01,"unknown","E","Unknown","A","M",77.9,"s","Y",2000
"103",2000-03-01,"human","E","Hook/line","A","U",NA,NA,"U",2000
"104",2001-02-01,"unknown","E","Unknown","A","F",81.2,"a","Y",2001
"105",2001-06-01,"natural","E","Shark attack","A","U",67.4,"s","N",2001
"106",2001-10-01,"unknown","E","Unknown","A","F",55.1,"j","Y",2001
"107",2001-09-01,"human","E","Hook/line","A","U",NA,NA,"U",2001
"108",2001-09-01,"human","E","Hook/line","A","M",76.111,"s","N",2001
"109",2002-05-01,"natural","E","FP","A","M",41.9,"j","Y",2002
"110",2002-04-01,"natural","E","FP","D","U",NA,NA,"Y",2002
"111",2002-12-01,"unknown","E","Unknown","A","U",NA,NA,"N",2002
"112",2002-07-01,"human","E","Human take","D","M",46.9,"j","N",2002
"113",2002-07-01,"unknown","E","Unknown","D","U",NA,NA,"U",2002
"114",2002-07-01,"unknown","E","Unknown","D","U",NA,NA,"U",2002
"115",2002-07-01,"unknown","E","Unknown","A","F",61.2,"j","Y",2002
"116",2002-06-01,"unknown","E","Unknown","D","M",51.8,"j","N",2002
"117",2002-06-01,"unknown","E","Unknown","D","F",NA,NA,"N",2002
"118",2002-10-01,"human","E","Hook/line","A","U",61.9595,"j","N",2002
"119",2003-05-01,"unknown","E","Unknown","A","U",62.7,"j","N",2003
"120",2003-04-01,"unknown","E","Unknown","A","U",NA,NA,"Y",2003
"121",2003-08-01,"unknown","E","Unknown","A","U",54.3,"j","N",2003
"122",2003-08-01,"unknown","E","Unknown","D","F",72,"s","N",2003
"123",2003-12-01,"unknown","E","Unknown","A","M",49.7,"j","Y",2003
"124",2003-02-01,"human","E","Hook/line","A","M",68.6,"s","Y",2003
"125",2003-02-01,"human","E","Hook/line","A","U",NA,NA,"N",2003
"126",2003-01-01,"human","E","Hook/line","A","U",NA,NA,"N",2003
"127",2003-07-01,"unknown","E","Unknown","D","U",60.59,"j","Y",2003
"128",2003-07-01,"unknown","E","Unknown","A","U",NA,NA,"U",2003
"129",2003-06-01,"natural","E","FP","A","F",59,"j","Y",2003
"130",2003-06-01,"human","E","Hook/line","D","M",39.5,"j","N",2003
"131",2003-10-01,"unknown","E","Unknown","D","M",42.6,"j","N",2003
"132",2004-04-01,"natural","E","FP","A","U",NA,NA,"Y",2004
"133",2004-08-01,"natural","E","FP","A","U",53,"j","Y",2004
"134",2004-08-01,"natural","E","FP","A","U",66.5,"s","Y",2004
"135",2004-02-01,"natural","E","Shark attack","D","U",NA,NA,"U",2004
"136",2004-07-01,"unknown","E","Unknown","A","M",57.4,"j","Y",2004
"137",2004-07-01,"unknown","E","Unknown","A","F",46.4,"j","Y",2004
"138",2004-06-01,"natural","E","FP","A","U",NA,NA,"Y",2004
"139",2004-06-01,"human","E","Hook/line","A","U",NA,NA,"N",2004
"140",2004-03-01,"natural","E","FP","D","F",64.5,"j","Y",2004
"141",2004-03-01,"natural","E","FP","A","U",57.8,"j","Y",2004
"142",2004-03-01,"unknown","E","Unknown","A","M",71.5,"s","Y",2004
"143",2004-09-01,"natural","E","FP","A","U",67.2,"s","Y",2004
"144",2004-09-01,"unknown","E","Unknown","A","U",47.808,"j","N",2004
"145",2005-05-01,"human","E","Hook/line","A","M",52.5,"j","Y",2005
"146",2005-05-01,"unknown","E","Unknown","A","M",71.2,"s","Y",2005
"147",2005-08-01,"human","E","Hook/line","A","U",64.5,"j","N",2005
"148",2005-08-01,"unknown","E","Unknown","A","U",NA,NA,"N",2005
"149",2005-02-01,"human","E","Net","A","U",NA,NA,"N",2005
"150",2005-01-01,"unknown","E","Unknown","A","F",63.4,"j","Y",2005
"151",2005-01-01,"unknown","E","Unknown","A","M",56.7,"j","Y",2005
"152",2005-07-01,"human","E","Human take","A","F",81.2238,"a","N",2005
"153",2005-06-01,"human","E","Hook/line","A","U",63.8,"j","Y",2005
"154",2005-06-01,"unknown","E","Unknown","A","U",NA,NA,"Y",2005
"155",2005-03-01,"unknown","E","Unknown","D","U",NA,NA,"Y",2005
"156",2005-10-01,"natural","E","FP","A","M",NA,NA,"Y",2005
"157",2005-09-01,"unknown","E","Unknown","A","U",57.5,"j","N",2005
"158",2006-04-01,"human","E","Hook/line","A","U",NA,NA,"N",2006
"159",2006-08-01,"human","E","Hook/line","A","U",70.633,"s","N",2006
"160",2006-01-01,"unknown","E","Unknown","A","M",56.4,"j","Y",2006
"161",2006-09-01,"human","E","Hook/line","A","U",NA,NA,"Y",2006
"162",2006-09-01,"unknown","E","Unknown","A","U",NA,NA,"Y",2006
"163",2007-04-01,"human","E","Hook/line","D","F",37,"j","N",2007
"164",2007-04-01,"unknown","E","Unknown","D","F",38.7,"j","N",2007
"165",2007-04-01,"unknown","E","Unknown","A","U",74.285,"s","N",2007
"166",2007-12-01,"unknown","E","Unknown","U","U",NA,NA,"U",2007
"167",2007-02-01,"unknown","E","Unknown","A","U",70.9,"s","Y",2007
"168",2007-02-01,"unknown","E","Unknown","A","U",NA,NA,"Y",2007
"169",2007-01-01,"unknown","E","Unknown","A","M",53.5,"j","Y",2007
"170",2007-01-01,"unknown","E","Unknown","A","F",52.7,"j","Y",2007
"171",2007-01-01,"unknown","E","Unknown","D","U",NA,NA,"N",2007
"172",2007-07-01,"unknown","E","Unknown","D","U",NA,NA,"U",2007
"173",2007-06-01,"unknown","E","Unknown","D","U",NA,NA,"U",2007
"174",2007-03-01,"natural","E","FP","A","F",43.5,"j","Y",2007
"175",2007-03-01,"human","E","Net","A","M",75.6,"s","Y",2007
"176",2007-11-01,"human","E","Hook/line","A","U",55.6,"j","N",2007
"177",2007-10-01,"natural","E","FP","A","F",56,"j","Y",2007
"178",2007-10-01,"natural","E","Shark attack","D","M",64.9,"s","N",2007
"179",2007-09-01,"human","E","Hook/line","D","F",36.4,"j","N",2007
"180",2008-05-01,"unknown","E","Unknown","D","M",87.6,"a","N",2008
"181",2008-07-01,"human","E","Hook/line","A","M",42.8,"j","N",2008
"182",2008-07-01,"unknown","E","Unknown","D","U",97.11,"a","N",2008
"183",2008-07-01,"unknown","E","Unknown","A","M",63.7,"j","Y",2008
"184",2008-03-01,"unknown","E","Unknown","D","F",83.9,"a","N",2008
"185",2008-11-01,"human","E","Hook/line","A","U",NA,NA,"N",2008
"186",2008-10-01,"human","E","Boat impact","D","U",62.4,"j","Y",2008
"187",2008-10-01,"human","E","Net","D","U",77,"s","N",2008
"188",2009-05-01,"human","E","Human take","D","U",79.9,"s","N",2009
"189",2009-05-01,"human","E","Hook/line","D","F",54.6,"j","N",2009
"190",2009-05-01,"unknown","E","Unknown","A","U",68.1,"s","Y",2009
"191",2009-04-01,"natural","E","FP","A","M",73.5,"s","Y",2009
"192",2009-04-01,"natural","E","Misc.","A","F",48.1,"j","N",2009
"193",2009-04-01,"natural","E","Shark attack","D","M",74.3,"s","N",2009
"194",2009-08-01,"human","E","Hook/line","A","U",NA,NA,"U",2009
"195",2009-08-01,"natural","E","Shark attack","A","F",77.8,"s","N",2009
"196",2009-08-01,"unknown","E","Unknown","D","U",49.8,"j","N",2009
"197",2009-02-01,"human","E","Hook/line","A","U",39.3,"j","N",2009
"198",2009-07-01,"natural","E","FP","A","F",55.4,"j","Y",2009
"199",2009-06-01,"human","E","Hook/line","A","U",NA,NA,"U",2009
"200",2009-06-01,"human","E","Hook/line","D","M",43.8,"j","N",2009
"201",2009-06-01,"unknown","E","Unknown","A","M",81.4,"a","Y",2009
"202",2009-03-01,"natural","E","FP","D","M",46.2,"j","Y",2009
"203",2009-11-01,"human","E","Hook/line","A","U",NA,NA,"U",2009
"204",2009-11-01,"unknown","E","Unknown","D","M",38.7,"j","N",2009
"205",2009-11-01,"unknown","E","Unknown","D","U",NA,NA,"U",2009
"206",2010-05-01,"natural","E","FP","A","F",47.4,"j","Y",2010
"207",2010-05-01,"unknown","E","Unknown","D","M",69.6,"s","N",2010
"208",2010-05-01,"unknown","E","Unknown","D","M",42.3,"j","N",2010
"209",2010-08-01,"natural","E","FP","D","U",NA,NA,"Y",2010
"210",2010-12-01,"unknown","E","Unknown","A","U",NA,NA,"U",2010
"211",2010-12-01,"unknown","E","Unknown","A","U",NA,NA,"U",2010
"212",2010-12-01,"unknown","E","Unknown","A","U",NA,NA,"U",2010
"213",2010-12-01,"unknown","E","Unknown","A","U",NA,NA,"U",2010
"214",2010-12-01,"unknown","E","Unknown","A","U",NA,NA,"U",2010
"215",2010-12-01,"unknown","E","Unknown","A","U",NA,NA,"N",2010
"216",2010-06-01,"human","E","Hook/line","D","M",65.2,"s","N",2010
"217",2010-03-01,"natural","E","FP","A","U",53.5,"j","Y",2010
"218",2010-03-01,"human","E","Hook/line","A","U",52.3,"j","Y",2010
"219",2010-03-01,"unknown","E","Unknown","D","M",49.3,"j","N",2010
"220",2010-10-01,"human","E","Human take","D","M",50.9,"j","N",2010
"221",2010-10-01,"unknown","E","Unknown","A","U",NA,NA,"U",2010
"222",2010-09-01,"natural","E","FP","D","M",72.4,"s","Y",2010
"223",2010-09-01,"unknown","E","Unknown","A","U",NA,NA,"U",2010
"224",2011-05-01,"natural","E","FP","A","M",48.6,"j","Y",2011
"225",2011-05-01,"unknown","E","Unknown","A","U",33.2,"j","N",2011
"226",2011-08-01,"human","E","Boat impact","A","U",89.4,"a","N",2011
"227",2011-08-01,"human","E","Boat impact","D","U",88.893,"a","U",2011
"228",2011-08-01,"human","E","Hook/line","A","U",54.7,"j","Y",2011
"229",2011-08-01,"human","E","Hook/line","A","U",NA,NA,"U",2011
"230",2011-12-01,"human","E","Hook/line","D","M",73,"s","N",2011
"231",2011-12-01,"human","E","Hook/line","A","U",NA,NA,"N",2011
"232",2011-02-01,"natural","E","FP","A","M",67.7,"s","Y",2011
"233",2011-02-01,"human","E","Hook/line","A","U",76.3,"s","N",2011
"234",2011-02-01,"natural","E","Misc.","D","F",49.6,"j","N",2011
"235",2011-02-01,"unknown","E","Unknown","A","U",45.5,"j","Y",2011
"236",2011-06-01,"human","E","Hook/line","A","U",NA,NA,"N",2011
"237",2011-03-01,"unknown","E","Unknown","D","U",NA,NA,"U",2011
"238",2011-11-01,"unknown","E","Unknown","A","U",NA,NA,"N",2011
"239",2011-11-01,"unknown","E","Unknown","A","U",NA,NA,"Y",2011
"240",2011-11-01,"unknown","E","Unknown","D","U",NA,NA,"U",2011
"241",2011-10-01,"human","E","Boat impact","D","M",NA,NA,"N",2011
"242",2012-05-01,"natural","E","FP","A","F",48.7,"j","Y",2012
"243",2012-04-01,"natural","E","FP","D","M",74.2,"s","Y",2012
"244",2012-04-01,"natural","E","FP","D","F",51,"j","Y",2012
"245",2012-12-01,"natural","E","FP","A","F",46.5,"j","Y",2012
"246",2012-02-01,"unknown","E","Unknown","D","F",41.2,"j","N",2012
"247",2012-01-01,"natural","E","FP","D","F",72.5,"s","Y",2012
"248",2012-06-01,"unknown","E","Unknown","A","U",NA,NA,"Y",2012
"249",2012-03-01,"human","E","Hook/line","A","U",66.068,"s","N",2012
"250",2012-10-01,"human","E","Hook/line","A","M",50.3,"j","Y",2012
"251",2012-10-01,"human","E","Hook/line","A","U",NA,NA,"Y",2012
"252",2013-05-01,"unknown","E","Unknown","A","U",71,"s","N",2013
"253",2013-04-01,"natural","E","FP","A","F",39.5,"j","Y",2013
"254",2013-04-01,"natural","E","FP","A","F",63.4,"j","Y",2013
"255",2013-04-01,"unknown","E","Unknown","D","M",63.8,"j","N",2013
"256",2013-08-01,"unknown","E","Unknown","D","U",39.9,"j","U",2013
"257",2013-01-01,"natural","E","FP","D","U",67.2,"s","Y",2013
"258",2013-01-01,"human","E","Hook/line","A","U",NA,NA,"Y",2013
"259",2013-01-01,"unknown","E","Unknown","D","U",43.9,"j","N",2013
"260",2013-01-01,"unknown","E","Unknown","A","U",NA,NA,"Y",2013
"261",2013-03-01,"natural","E","FP","A","U",75.198,"s","Y",2013
"262",2013-03-01,"unknown","E","Unknown","D","F",NA,NA,"Y",2013
"263",2013-03-01,"unknown","E","Unknown","D","U",NA,NA,"N",2013
"264",2013-11-01,"human","E","Hook/line","A","U",NA,NA,"U",2013
"265",2013-11-01,"unknown","E","Unknown","D","U",NA,NA,"N",2013
"266",2013-11-01,"unknown","E","Unknown","A","U",NA,NA,"U",2013
"267",2013-10-01,"unknown","E","Unknown","D","U",43,"j","N",2013
"268",2013-09-01,"unknown","E","Unknown","D","U",45.1,"j","N",2013
"269",2013-09-01,"unknown","E","Unknown","D","M",NA,NA,"U",2013
"270",2014-05-01,"human","E","Hook/line","D","F",67.9,"s","Y",2014
"271",2014-08-01,"human","E","Boat impact","D","M",NA,NA,"N",2014
"272",2014-12-01,"unknown","E","Unknown","A","F",65.2,"s","Y",2014
"273",2014-02-01,"human","E","Hook/line","A","U",NA,NA,"U",2014
"274",2014-01-01,"human","E","Hook/line","A","U",72.6,"s","Y",2014
"275",2014-01-01,"natural","E","Shark attack","D","F",65.2,"s","N",2014
"276",2014-06-01,"natural","E","FP","D","F",57.7,"j","Y",2014
"277",2014-06-01,"human","E","Hook/line","A","U",NA,NA,"U",2014
"278",2014-06-01,"human","E","Hook/line","D","F",49.5,"j","Y",2014
"279",2014-06-01,"natural","E","Shark attack","D","U",76.2,"s","N",2014
"280",2014-06-01,"unknown","E","Unknown","D","U",NA,NA,"U",2014
"281",2014-03-01,"unknown","E","Unknown","A","U",66.981,"s","N",2014
"282",2014-10-01,"natural","E","FP","D","F",53.9,"j","Y",2014
"283",2014-10-01,"human","E","Hook/line","A","M",84.7,"a","N",2014
"284",2014-09-01,"human","E","Hook/line","D","F",49.7,"j","Y",2014
"285",2015-04-01,"human","E","Hook/line","D","F",73.2,"s","N",2015
"286",2015-08-01,"unknown","E","Unknown","D","U",NA,NA,"U",2015
"287",2015-08-01,"unknown","E","Unknown","D","F",61.3,"j","Y",2015
"288",2015-12-01,"unknown","E","Unknown","A","U",NA,NA,"U",2015
"289",2015-02-01,"unknown","E","Unknown","D","M",65.5,"s","Y",2015
"290",2015-01-01,"unknown","E","Unknown","D","M",84.7,"a","N",2015
"291",2015-11-01,"natural","E","FP","A","U",67.9,"s","Y",2015
"292",2015-11-01,"natural","E","FP","A","U",65.155,"s","Y",2015
"293",2015-10-01,"human","E","Hook/line","D","M",39.2,"j","N",2015
"294",2016-05-01,"unknown","E","Unknown","D","M",53.5,"j","N",2016
"295",2016-05-01,"unknown","E","Unknown","D","U",67.7,"s","Y",2016
"296",2016-04-01,"unknown","E","Unknown","A","M",63.4,"j","N",2016
"297",2016-08-01,"human","E","Hook/line","D","F",46.6,"j","Y",2016
"298",2016-08-01,"human","E","Hook/line","A","U",NA,NA,"U",2016
"299",2016-08-01,"unknown","E","Unknown","D","U",NA,NA,"U",2016
"300",2016-02-01,"unknown","E","Unknown","A","F",87.98,"a","N",2016
"301",2016-02-01,"unknown","E","Unknown","D","M",38,"j","N",2016
"302",2016-01-01,"unknown","E","Unknown","A","U",83.415,"a","N",2016
"303",2016-06-01,"unknown","E","Unknown","D","U",NA,NA,"U",2016
"304",2016-06-01,"unknown","E","Unknown","D","M",40.5,"j","N",2016
"305",2016-03-01,"human","E","Boat impact","A","U",NA,NA,"N",2016
"306",2016-03-01,"human","E","Hook/line","A","U",73.4,"s","N",2016
"307",2016-11-01,"human","E","Hook/line","A","U",65.155,"s","N",2016
"308",2016-09-01,"natural","E","FP","D","F",78.4,"s","Y",2016
"309",2016-09-01,"unknown","E","Unknown","D","U",78.4,"s","Y",2016
"310",2017-05-01,"natural","E","FP","A","F",68,"s","Y",2017
"311",2017-05-01,"human","E","Hook/line","A","U",NA,NA,"U",2017
"312",2017-05-01,"unknown","E","Unknown","D","M",86.6,"a","N",2017
"313",2017-04-01,"natural","E","FP","D","F",42.5,"j","Y",2017
"314",2017-04-01,"human","E","Hook/line","D","U",41.6,"j","N",2017
"315",2017-12-01,"human","E","Hook/line","D","F",54.3,"j","Y",2017
"316",2017-02-01,"unknown","E","Unknown","A","U",NA,NA,"U",2017
"317",2017-01-01,"human","E","Hook/line","U","U",NA,NA,"U",2017
"318",2017-01-01,"human","E","Hook/line","A","F",80.7,"s","Y",2017
"319",2017-06-01,"human","E","Hook/line","A","U",57.851,"j","U",2017
"320",2017-06-01,"natural","E","Shark attack","A","U",NA,NA,"U",2017
"321",2017-03-01,"natural","E","FP","A","U",79.4,"s","Y",2017
"322",2017-03-01,"human","E","Hook/line","A","M",52.8,"j","Y",2017
"323",2017-11-01,"unknown","E","Unknown","A","U",72.0025,"s","N",2017
"324",2017-11-01,"unknown","E","Unknown","A","U",82.502,"a","U",2017
"325",2017-10-01,"natural","E","FP","A","F",50.6,"j","Y",2017
"326",2017-10-01,"unknown","E","Unknown","D","U",NA,NA,"U",2017
"327",2017-09-01,"human","E","Hook/line","A","U",50.3,"j","Y",2017
"328",2017-09-01,"human","E","Hook/line","D","M",38.2,"j","N",2017
"329",2018-05-01,"human","E","Human take","D","F",75.8,"s","N",2018
"330",2018-05-01,"human","E","Hook/line","A","F",78.8,"s","N",2018
"331",2018-05-01,"human","E","Hook/line","A","U",NA,NA,"U",2018
"332",2018-05-01,"unknown","E","Unknown","D","F",54.7,"j","Y",2018
"333",2018-04-01,"human","E","Boat impact","A","U",40.6,"j","N",2018
"334",2018-04-01,"human","E","Hook/line","A","F",65,"s","Y",2018
"335",2018-04-01,"human","E","Hook/line","A","U",44.156,"j","U",2018
"336",2018-12-01,"human","E","Hook/line","A","U",NA,NA,"U",2018
"337",2018-12-01,"unknown","E","Unknown","D","U",46.3,"j","Y",2018
"338",2018-07-01,"natural","E","FP","A","F",40.9,"j","Y",2018
"339",2018-07-01,"human","E","Hook/line","A","U",70.633,"j","Y",2018
"340",2018-06-01,"natural","E","FP","A","M",50,"j","Y",2018
"341",2018-06-01,"unknown","E","Unknown","D","U",38.4,"j","N",2018
"342",2018-06-01,"unknown","E","Unknown","D","F",55.6,"j","N",2018
"343",2018-06-01,"unknown","E","Unknown","D","U",NA,NA,"N",2018
"344",2018-03-01,"human","E","Hook/line","D","F",49.9,"j","Y",2018
"345",2018-03-01,"human","E","Hook/line","D","M",42.6,"j","N",2018
"346",2018-03-01,"unknown","E","Unknown","A","U",NA,NA,"U",2018
"347",2018-11-01,"unknown","E","Unknown","A","U",73.372,"s","U",2018
"348",2018-11-01,"unknown","E","Unknown","D","F",50,"j","N",2018
"349",2018-11-01,"unknown","E","Unknown","D","U",61.1,"j","N",2018
"350",2018-11-01,"unknown","E","Unknown","D","U",NA,NA,"N",2018
"351",2018-10-01,"human","E","Hook/line","D","F",47.2,"j","N",2018
"352",2018-09-01,"unknown","E","Unknown","A","U",50.547,"j","U",2018
"353",2019-01-01,"human","E","Hook/line","A","F",88.7,"a","N",2019
"354",2019-01-01,"unknown","E","Unknown","U","U",NA,NA,"U",2019
"355",2019-01-01,"unknown","E","Unknown","A","U",NA,NA,"N",2019
"356",2019-11-01,"human","E","Boat impact","A","U",NA,NA,"U",2019
"357",2019-10-01,"human","E","Hook/line","A","U",45.5255,"j","U",2019
"358",2020-05-01,"unknown","E","Unknown","A","U",38.678,"j","Y",2020
"359",2020-04-01,"human","E","Hook/line","A","U",38.678,"j","U",2020
"360",2020-01-01,"unknown","E","Unknown","A","F",NA,NA,"U",2020
"361",2020-07-01,"unknown","E","Unknown","D","U",72.459,"s","U",2020
"362",2020-03-01,"human","E","Hook/line","A","U",51.9165,"j","Y",2020
"363",2021-05-01,"unknown","E","Unknown","D","U",33.2,"j","U",2021
"364",2021-04-01,"human","E","Human take","D","U",NA,NA,"U",2021
"365",2021-04-01,"unknown","E","Unknown","D","U",42.33,"j","U",2021
"366",2021-04-01,"unknown","E","Unknown","D","U",72.9155,"s","Y",2021
"367",2021-04-01,"unknown","E","Unknown","D","U",68.807,"s","U",2021
"368",2021-12-01,"natural","E","FP","A","U",38.678,"j","Y",2021
"369",2021-12-01,"unknown","E","Unknown","D","U",69.72,"s","U",2021
"370",2021-12-01,"unknown","E","Unknown","D","U",39.591,"j","U",2021
"371",2021-02-01,"unknown","E","Unknown","A","U",50.0905,"j","U",2021
"372",2021-10-01,"unknown","E","Unknown","D","U",52.373,"j","U",2021
"373",2022-05-01,"unknown","E","Unknown","D","U",NA,NA,"U",2022
"374",2022-02-01,"natural","E","FP","A","U",63.55725,"j","Y",2022
"375",2022-06-01,"human","E","Hook/line","A","U",66.068,"s","U",2022
"376",2022-06-01,"unknown","E","Unknown","D","U",71.546,"s","U",2022
"377",2022-03-01,"human","E","Human take","A","U",46.4385,"j","U",2022
"378",2022-03-01,"unknown","E","Unknown","D","U",42.7865,"j","U",2022
"379",1983-06-01,"human","W","Hook/line","A","U",46.8,"j","N",1983
"380",1984-01-01,"human","W","Hook/line","A","U",78.85,"s","Y",1984
"381",1985-01-01,"unknown","W","Unknown","D","U",NA,NA,"N",1985
"382",1985-09-01,"human","W","Net","A","U",NA,NA,"N",1985
"383",1986-05-01,"human","W","Human take","A","U",38.4,"j","N",1986
"384",1986-10-01,"human","W","Net","A","U",41.5083,"j","N",1986
"385",1986-10-01,"unknown","W","Unknown","A","U",41.5083,"j","N",1986
"386",1986-10-01,"unknown","W","Unknown","D","F",43.8,"j","Y",1986
"387",1988-05-01,"unknown","W","Unknown","D","U",44.8,"j","U",1988
"388",1988-08-01,"human","W","Net","D","U",49.7,"j","N",1988
"389",1988-01-01,"human","W","Human take","A","U",NA,NA,"U",1988
"390",1988-09-01,"human","W","Net","A","U",39.3,"j","N",1988
"391",1989-05-01,"unknown","W","Unknown","A","U",NA,NA,"N",1989
"392",1989-04-01,"human","W","Human take","D","U",NA,NA,"U",1989
"393",1989-03-01,"human","W","Hook/line","D","U",NA,NA,"U",1989
"394",1990-06-01,"human","W","Human take","D","U",47.808,"j","U",1990
"395",1990-06-01,"unknown","W","Unknown","A","U",19.8,"j","N",1990
"396",1991-08-01,"human","W","Net","D","M",46.9,"j","N",1991
"397",1991-08-01,"unknown","W","Unknown","A","U",NA,NA,"U",1991
"398",1991-07-01,"human","W","Hook/line","D","U",NA,NA,"U",1991
"399",1991-11-01,"human","W","Human take","D","U",62,"j","N",1991
"400",1992-04-01,"unknown","W","Unknown","D","M",28.9,"j","N",1992
"401",1992-08-01,"human","W","Hook/line","D","M",44,"j","N",1992
"402",1992-02-01,"unknown","W","Unknown","D","M",48.2,"j","Y",1992
"403",1992-07-01,"natural","W","Shark attack","D","F",39.7,"j","N",1992
"404",1992-07-01,"unknown","W","Unknown","D","M",40,"j","N",1992
"405",1992-03-01,"unknown","W","Unknown","A","U",49.7,"j","N",1992
"406",1992-03-01,"unknown","W","Unknown","A","U",34.8,"j","N",1992
"407",1992-11-01,"human","W","Human take","D","M",49,"j","N",1992
"408",1992-11-01,"unknown","W","Unknown","D","M",38.2,"j","N",1992
"409",1993-04-01,"unknown","W","Unknown","A","U",45.069,"j","N",1993
"410",1993-04-01,"unknown","W","Unknown","A","U",NA,NA,"N",1993
"411",1993-04-01,"unknown","W","Unknown","A","U",NA,NA,"N",1993
"412",1993-08-01,"human","W","Hook/line","A","U",NA,NA,"U",1993
"413",1993-02-01,"unknown","W","Unknown","D","U",NA,NA,"U",1993
"414",1993-02-01,"unknown","W","Unknown","A","U",NA,NA,"N",1993
"415",1993-01-01,"human","W","Hook/line","A","U",NA,NA,"U",1993
"416",1993-03-01,"unknown","W","Unknown","D","U",NA,NA,"U",1993
"417",1994-05-01,"unknown","W","Unknown","D","M",46,"j","N",1994
"418",1994-04-01,"human","W","Human take","D","U",NA,NA,"U",1994
"419",1994-12-01,"unknown","W","Unknown","U","U",32.6,"j","N",1994
"420",1994-06-01,"human","W","Human take","D","U",NA,NA,"U",1994
"421",1994-09-01,"unknown","W","Unknown","D","U",44.9,"j","N",1994
"422",1995-05-01,"unknown","W","Unknown","D","U",NA,NA,"U",1995
"423",1995-05-01,"unknown","W","Unknown","A","U",NA,NA,"N",1995
"424",1995-08-01,"human","W","Human take","D","M",56.4,"j","N",1995
"425",1995-03-01,"unknown","W","Unknown","D","M",49.5,"j","N",1995
"426",1996-05-01,"human","W","Hook/line","D","U",NA,NA,"N",1996
"427",1996-04-01,"unknown","W","Unknown","D","M",38.7,"j","N",1996
"428",1996-08-01,"human","W","Human take","D","U",NA,NA,"U",1996
"429",1996-02-01,"unknown","W","Unknown","A","U",NA,NA,"N",1996
"430",1996-01-01,"human","W","Hook/line","D","M",53.1,"j","N",1996
"431",1996-01-01,"unknown","W","Unknown","D","U",NA,NA,"U",1996
"432",1996-01-01,"unknown","W","Unknown","A","M",NA,NA,"N",1996
"433",1997-04-01,"human","W","Net","D","M",52.9,"j","N",1997
"434",1997-02-01,"human","W","Hook/line","A","U",NA,NA,"N",1997
"435",1997-07-01,"unknown","W","Unknown","A","U",NA,NA,"N",1997
"436",1997-07-01,"unknown","W","Unknown","D","F",65.6,"s","N",1997
"437",1997-03-01,"unknown","W","Unknown","A","U",NA,NA,"N",1997
"438",1998-05-01,"unknown","W","Unknown","D","F",49.2,"j","N",1998
"439",1998-04-01,"unknown","W","Unknown","D","U",47.6,"j","U",1998
"440",1998-08-01,"unknown","W","Unknown","A","M",48,"j","N",1998
"441",1998-08-01,"unknown","W","Unknown","A","U",57.3,"j","N",1998
"442",1998-07-01,"human","W","Human take","D","F",58,"j","N",1998
"443",1998-07-01,"natural","W","Shark attack","A","U",NA,NA,"N",1998
"444",1998-06-01,"unknown","W","Unknown","D","U",62.9,"j","N",1998
"445",1998-03-01,"unknown","W","Unknown","A","U",NA,NA,"N",1998
"446",1999-08-01,"unknown","W","Unknown","A","U",NA,NA,"N",1999
"447",1999-12-01,"unknown","W","Unknown","D","U",NA,NA,"N",1999
"448",1999-02-01,"unknown","W","Unknown","D","U",NA,NA,"N",1999
"449",1999-07-01,"unknown","W","Unknown","D","U",NA,NA,"N",1999
"450",1999-11-01,"unknown","W","Unknown","A","U",35.7,"j","N",1999
"451",1999-10-01,"human","W","Hook/line","A","U",44.6,"j","N",1999
"452",1999-10-01,"unknown","W","Unknown","A","U",NA,NA,"U",1999
"453",1999-09-01,"unknown","W","Unknown","D","U",NA,NA,"N",1999
"454",2000-05-01,"unknown","W","Unknown","D","F",56.3,"j","N",2000
"455",2000-05-01,"unknown","W","Unknown","D","U",52.1,"j","N",2000
"456",2000-04-01,"unknown","W","Unknown","D","U",NA,NA,"N",2000
"457",2000-08-01,"unknown","W","Unknown","D","F",64.7,"j","N",2000
"458",2000-08-01,"unknown","W","Unknown","D","F",38.2,"j","N",2000
"459",2000-12-01,"human","W","Hook/line","A","U",60,"j","N",2000
"460",2000-02-01,"human","W","Net","D","F",62.3,"j","N",2000
"461",2000-01-01,"human","W","Hook/line","D","U",NA,NA,"N",2000
"462",2000-01-01,"unknown","W","Unknown","D","F",43.5,"j","N",2000
"463",2000-07-01,"unknown","W","Unknown","D","M",56.3,"j","N",2000
"464",2000-07-01,"unknown","W","Unknown","D","F",42.8,"j","N",2000
"465",2000-07-01,"unknown","W","Unknown","D","M",43,"j","N",2000
"466",2000-07-01,"unknown","W","Unknown","D","F",65,"s","N",2000
"467",2000-07-01,"unknown","W","Unknown","A","U",NA,NA,"N",2000
"468",2000-07-01,"unknown","W","Unknown","D","M",64,"j","N",2000
"469",2000-06-01,"unknown","W","Unknown","D","F",55.2,"j","N",2000
"470",2000-11-01,"unknown","W","Unknown","D","M",43.2,"j","N",2000
"471",2000-09-01,"human","W","Boat impact","D","U",NA,NA,"U",2000
"472",2001-08-01,"unknown","W","Unknown","D","F",41.3,"j","N",2001
"473",2001-12-01,"human","W","Hook/line","A","U",54.8,"j","N",2001
"474",2001-12-01,"natural","W","Shark attack","D","U",NA,NA,"N",2001
"475",2001-01-01,"unknown","W","Unknown","A","U",NA,NA,"U",2001
"476",2001-07-01,"natural","W","Shark attack","D","U",NA,NA,"N",2001
"477",2001-07-01,"unknown","W","Unknown","A","U",NA,NA,"N",2001
"478",2001-06-01,"unknown","W","Unknown","A","M",57.6,"j","N",2001
"479",2001-06-01,"unknown","W","Unknown","D","M",57,"j","N",2001
"480",2001-06-01,"unknown","W","Unknown","D","U",NA,NA,"N",2001
"481",2001-11-01,"human","W","Hook/line","A","U",NA,NA,"N",2001
"482",2002-04-01,"unknown","W","Unknown","D","F",51.1,"j","N",2002
"483",2002-08-01,"human","W","Hook/line","D","M",55.2,"j","N",2002
"484",2002-08-01,"unknown","W","Unknown","D","U",NA,NA,"N",2002
"485",2002-12-01,"human","W","Hook/line","A","U",NA,NA,"N",2002
"486",2002-02-01,"unknown","W","Unknown","D","U",47.1,"j","N",2002
"487",2002-01-01,"unknown","W","Unknown","D","F",42.8,"j","N",2002
"488",2002-11-01,"human","W","Boat impact","A","F",52.4,"j","N",2002
"489",2002-10-01,"human","W","Hook/line","A","U",NA,NA,"N",2002
"490",2003-05-01,"unknown","W","Unknown","A","U",59.4,"j","Y",2003
"491",2003-04-01,"human","W","Hook/line","A","U",NA,NA,"N",2003
"492",2003-08-01,"human","W","Boat impact","A","U",62.2,"j","N",2003
"493",2003-08-01,"human","W","Hook/line","D","M",41.7,"j","N",2003
"494",2003-02-01,"unknown","W","Unknown","U","U",NA,NA,"N",2003
"495",2003-07-01,"unknown","W","Unknown","A","U",NA,NA,"N",2003
"496",2003-06-01,"human","W","Hook/line","A","U",56.025,"j","N",2003
"497",2003-06-01,"unknown","W","Unknown","A","U",NA,NA,"N",2003
"498",2003-11-01,"unknown","W","Unknown","A","U",NA,NA,"U",2003
"499",2003-10-01,"unknown","W","Unknown","A","M",49.5,"j","N",2003
"500",2003-10-01,"unknown","W","Unknown","D","U",69.5,"s","N",2003
"501",2004-08-01,"human","W","Hook/line","A","U",NA,NA,"N",2004
"502",2004-08-01,"unknown","W","Unknown","A","U",NA,NA,"Y",2004
"503",2004-08-01,"unknown","W","Unknown","A","F",80.1,"s","Y",2004
"504",2004-12-01,"human","W","Human take","D","M",NA,NA,"N",2004
"505",2004-12-01,"unknown","W","Unknown","D","M",55.9,"j","N",2004
"506",2004-12-01,"unknown","W","Unknown","D","M",51.8,"j","N",2004
"507",2004-07-01,"unknown","W","Unknown","D","F",42.1,"j","N",2004
"508",2004-06-01,"human","W","Hook/line","A","U",55.5,"j","N",2004
"509",2004-06-01,"human","W","Hook/line","A","U",NA,NA,"N",2004
"510",2004-06-01,"unknown","W","Unknown","A","U",NA,NA,"N",2004
"511",2004-11-01,"unknown","W","Unknown","D","F",65.6,"s","N",2004
"512",2005-05-01,"human","W","Hook/line","D","M",53.6,"j","N",2005
"513",2005-05-01,"unknown","W","Unknown","D","M",42.4,"j","N",2005
"514",2005-04-01,"human","W","Hook/line","A","U",NA,NA,"N",2005
"515",2005-04-01,"unknown","W","Unknown","A","M",50.5,"j","Y",2005
"516",2005-08-01,"unknown","W","Unknown","D","U",NA,NA,"N",2005
"517",2005-08-01,"unknown","W","Unknown","D","U",NA,NA,"N",2005
"518",2005-12-01,"unknown","W","Unknown","A","U",NA,NA,"N",2005
"519",2005-02-01,"human","W","Hook/line","A","U",61.4,"j","N",2005
"520",2005-02-01,"unknown","W","Unknown","D","M",47.9,"j","N",2005
"521",2005-01-01,"unknown","W","Unknown","D","U",NA,NA,"N",2005
"522",2005-07-01,"human","W","Hook/line","A","U",NA,NA,"N",2005
"523",2005-07-01,"human","W","Hook/line","D","F",40.5,"j","N",2005
"524",2005-07-01,"unknown","W","Unknown","D","U",NA,NA,"N",2005
"525",2005-06-01,"human","W","Boat impact","D","F",63,"j","N",2005
"526",2005-06-01,"unknown","W","Unknown","D","F",59.4,"j","N",2005
"527",2005-11-01,"human","W","Hook/line","D","F",47.9,"j","N",2005
"528",2005-11-01,"unknown","W","Unknown","D","F",60.3,"j","N",2005
"529",2005-10-01,"unknown","W","Unknown","D","U",NA,NA,"N",2005
"530",2005-10-01,"unknown","W","Unknown","D","U",NA,NA,"N",2005
"531",2005-10-01,"unknown","W","Unknown","D","M",44,"j","N",2005
"532",2006-05-01,"unknown","W","Unknown","D","F",48.8,"j","N",2006
"533",2006-05-01,"unknown","W","Unknown","D","F",40,"j","N",2006
"534",2006-05-01,"unknown","W","Unknown","D","M",57.3,"j","N",2006
"535",2006-04-01,"unknown","W","Unknown","D","F",75.5,"s","Y",2006
"536",2006-08-01,"human","W","Hook/line","A","U",NA,NA,"N",2006
"537",2006-08-01,"unknown","W","Unknown","D","F",52.3,"j","N",2006
"538",2006-02-01,"unknown","W","Unknown","D","M",52.1,"j","N",2006
"539",2006-01-01,"human","W","Hook/line","A","U",NA,NA,"N",2006
"540",2006-07-01,"human","W","Hook/line","A","U",61,"j","N",2006
"541",2006-06-01,"natural","W","FP","A","U",66.7,"s","Y",2006
"542",2006-06-01,"unknown","W","Unknown","D","M",55.9,"j","N",2006
"543",2006-06-01,"unknown","W","Unknown","D","M",59.5,"j","N",2006
"544",2006-10-01,"human","W","Hook/line","D","F",52,"j","N",2006
"545",2006-09-01,"natural","W","Shark attack","A","M",53.7,"j","N",2006
"546",2007-05-01,"natural","W","Shark attack","D","U",NA,NA,"N",2007
"547",2007-05-01,"unknown","W","Unknown","A","U",35.6,"j","N",2007
"548",2007-04-01,"human","W","Boat impact","D","U",47.4,"j","N",2007
"549",2007-04-01,"unknown","W","Unknown","D","M",54.2,"j","N",2007
"550",2007-04-01,"unknown","W","Unknown","D","M",49.5,"j","N",2007
"551",2007-08-01,"human","W","Hook/line","A","U",NA,NA,"N",2007
"552",2007-01-01,"human","W","Net","D","U",NA,NA,"N",2007
"553",2007-07-01,"unknown","W","Unknown","D","F",42.6,"j","N",2007
"554",2007-07-01,"unknown","W","Unknown","A","U",57.1,"j","N",2007
"555",2007-06-01,"unknown","W","Unknown","D","M",53.4,"j","N",2007
"556",2007-06-01,"unknown","W","Unknown","D","U",54.5,"j","N",2007
"557",2007-03-01,"unknown","W","Unknown","D","F",59.6,"j","N",2007
"558",2007-03-01,"unknown","W","Unknown","D","F",59.3,"j","N",2007
"559",2007-03-01,"unknown","W","Unknown","D","F",66.9,"s","N",2007
"560",2007-11-01,"unknown","W","Unknown","A","F",46,"j","N",2007
"561",2007-10-01,"unknown","W","Unknown","D","M",57.1,"j","N",2007
"562",2007-09-01,"unknown","W","Unknown","D","U",50.2,"j","N",2007
"563",2008-05-01,"unknown","W","Unknown","D","F",54.7,"j","N",2008
"564",2008-05-01,"unknown","W","Unknown","D","F",51.7,"j","N",2008
"565",2008-04-01,"natural","W","Misc.","D","F",71.3,"s","N",2008
"566",2008-04-01,"unknown","W","Unknown","D","F",37.8,"j","N",2008
"567",2008-04-01,"unknown","W","Unknown","D","F",57.8,"j","N",2008
"568",2008-12-01,"human","W","Boat impact","A","M",50.5,"j","N",2008
"569",2008-01-01,"unknown","W","Unknown","D","U",NA,NA,"N",2008
"570",2008-07-01,"human","W","Hook/line","A","U",56.025,"j","N",2008
"571",2008-07-01,"human","W","Hook/line","A","U",NA,NA,"N",2008
"572",2008-06-01,"unknown","W","Unknown","A","U",NA,NA,"N",2008
"573",2008-06-01,"unknown","W","Unknown","D","M",43.5,"j","N",2008
"574",2008-03-01,"human","W","Boat impact","A","M",43.3,"j","N",2008
"575",2008-03-01,"human","W","Hook/line","D","M",55.2,"j","N",2008
"576",2008-03-01,"human","W","Hook/line","D","U",43.5,"j","N",2008
"577",2008-03-01,"human","W","Hook/line","A","U",NA,NA,"N",2008
"578",2008-10-01,"human","W","Human take","D","U",NA,NA,"U",2008
"579",2008-09-01,"unknown","W","Unknown","A","F",39.7,"j","N",2008
"580",2009-05-01,"unknown","W","Unknown","D","F",40.7,"j","N",2009
"581",2009-05-01,"unknown","W","Unknown","D","F",58.5,"j","N",2009
"582",2009-05-01,"unknown","W","Unknown","D","U",49.5,"j","N",2009
"583",2009-12-01,"human","W","Hook/line","A","U",63.7,"j","N",2009
"584",2009-02-01,"human","W","Hook/line","A","U",40,"j","N",2009
"585",2009-02-01,"unknown","W","Unknown","A","U",NA,NA,"N",2009
"586",2009-01-01,"human","W","Hook/line","D","F",52.6,"j","N",2009
"587",2009-07-01,"human","W","Hook/line","A","U",NA,NA,"N",2009
"588",2009-03-01,"natural","W","Shark attack","D","U",58.1,"j","N",2009
"589",2009-03-01,"unknown","W","Unknown","D","F",57.3,"j","N",2009
"590",2009-10-01,"natural","W","Shark attack","D","U",66.7,"s","N",2009
"591",2009-09-01,"human","W","Boat impact","D","U",77.4,"s","N",2009
"592",2009-09-01,"unknown","W","Unknown","D","F",47.8,"j","N",2009
"593",2010-05-01,"unknown","W","Unknown","U","U",NA,NA,"N",2010
"594",2010-05-01,"unknown","W","Unknown","U","U",NA,NA,"N",2010
"595",2010-05-01,"unknown","W","Unknown","U","U",NA,NA,"N",2010
"596",2010-05-01,"unknown","W","Unknown","U","U",NA,NA,"N",2010
"597",2010-05-01,"unknown","W","Unknown","U","U",NA,NA,"N",2010
"598",2010-04-01,"human","W","Boat impact","D","M",66.5,"s","N",2010
"599",2010-04-01,"unknown","W","Unknown","D","F",45.7,"j","N",2010
"600",2010-07-01,"human","W","Hook/line","A","F",46.2,"j","N",2010
"601",2010-06-01,"human","W","Human take","D","U",NA,NA,"N",2010
"602",2010-06-01,"human","W","Hook/line","A","U",55.112,"j","N",2010
"603",2010-10-01,"human","W","Hook/line","A","U",57.2,"j","N",2010
"604",2010-09-01,"unknown","W","Unknown","D","M",52.7,"j","N",2010
"605",2011-05-01,"human","W","Boat impact","D","U",NA,NA,"N",2011
"606",2011-05-01,"natural","W","Misc.","A","U",55.5,"j","N",2011
"607",2011-05-01,"unknown","W","Unknown","D","F",53.2,"j","N",2011
"608",2011-04-01,"human","W","Hook/line","A","U",NA,NA,"N",2011
"609",2011-04-01,"natural","W","Misc.","A","F",52.1,"j","N",2011
"610",2011-08-01,"human","W","Hook/line","D","F",NA,NA,"N",2011
"611",2011-08-01,"unknown","W","Unknown","A","U",60.6,"j","N",2011
"612",2011-02-01,"human","W","Hook/line","A","U",49.9,"j","N",2011
"613",2011-07-01,"unknown","W","Unknown","D","U",NA,NA,"N",2011
"614",2011-07-01,"unknown","W","Unknown","D","M",79.1,"s","N",2011
"615",2011-03-01,"human","W","Hook/line","A","U",46.5,"j","N",2011
"616",2011-03-01,"natural","W","Misc.","A","U",44.156,"j","N",2011
"617",2011-03-01,"natural","W","Misc.","A","U",45.5255,"j","N",2011
"618",2011-03-01,"natural","W","Misc.","A","U",62.416,"j","N",2011
"619",2011-03-01,"natural","W","Misc.","A","U",50.547,"j","N",2011
"620",2011-03-01,"natural","W","Misc.","A","U",52.373,"j","N",2011
"621",2011-03-01,"natural","W","Misc.","A","U",46.4385,"j","N",2011
"622",2011-03-01,"natural","W","Misc.","A","U",41.8735,"j","N",2011
"623",2011-03-01,"natural","W","Misc.","A","U",57.851,"j","N",2011
"624",2011-03-01,"natural","W","Misc.","A","U",55.5685,"j","N",2011
"625",2011-03-01,"natural","W","Misc.","A","U",40.9605,"j","N",2011
"626",2011-03-01,"natural","W","Misc.","A","U",NA,NA,"N",2011
"627",2011-03-01,"natural","W","Misc.","A","U",NA,NA,"N",2011
"628",2011-03-01,"natural","W","Misc.","A","U",NA,NA,"N",2011
"629",2011-03-01,"natural","W","Misc.","A","U",NA,NA,"N",2011
"630",2011-03-01,"natural","W","Misc.","A","U",51.7,"j","N",2011
"631",2011-03-01,"natural","W","Misc.","A","U",45.5,"j","N",2011
"632",2011-03-01,"natural","W","Misc.","A","U",53.2,"j","N",2011
"633",2011-03-01,"unknown","W","Unknown","A","U",54.199,"j","U",2011
"634",2011-11-01,"human","W","Hook/line","A","U",43.9,"j","N",2011
"635",2011-10-01,"human","W","Hook/line","A","U",NA,NA,"N",2011
"636",2011-09-01,"natural","W","Shark attack","D","U",NA,NA,"N",2011
"637",2012-05-01,"unknown","W","Unknown","D","U",NA,NA,"N",2012
"638",2012-05-01,"unknown","W","Unknown","D","U",47,"j","N",2012
"639",2012-05-01,"unknown","W","Unknown","A","U",56.5,"j","N",2012
"640",2012-08-01,"human","W","Boat impact","D","M",55.4,"j","N",2012
"641",2012-08-01,"unknown","W","Unknown","D","F",52.3,"j","N",2012
"642",2012-12-01,"human","W","Hook/line","A","U",56,"j","N",2012
"643",2012-02-01,"unknown","W","Unknown","D","U",NA,NA,"U",2012
"644",2012-02-01,"unknown","W","Unknown","D","M",45.2,"j","N",2012
"645",2012-01-01,"human","W","Hook/line","A","U",NA,NA,"N",2012
"646",2012-07-01,"human","W","Hook/line","A","U",53.4,"j","N",2012
"647",2012-06-01,"natural","W","Shark attack","D","U",NA,NA,"N",2012
"648",2012-06-01,"unknown","W","Unknown","D","F",37.3,"j","N",2012
"649",2012-06-01,"unknown","W","Unknown","D","M",53.5,"j","N",2012
"650",2012-10-01,"human","W","Hook/line","D","U",NA,NA,"U",2012
"651",2012-10-01,"unknown","W","Unknown","D","F",60.2,"j","N",2012
"652",2012-10-01,"unknown","W","Unknown","A","U",NA,NA,"U",2012
"653",2013-05-01,"unknown","W","Unknown","D","M",46.9,"j","N",2013
"654",2013-05-01,"unknown","W","Unknown","D","U",60.9,"j","N",2013
"655",2013-04-01,"unknown","W","Unknown","D","U",34.1,"j","N",2013
"656",2013-12-01,"human","W","Hook/line","A","U",56.4,"j","N",2013
"657",2013-02-01,"unknown","W","Unknown","D","F",50.5,"j","N",2013
"658",2013-01-01,"human","W","Boat impact","D","M",56.9,"j","N",2013
"659",2013-01-01,"human","W","Hook/line","D","F",45.8,"j","N",2013
"660",2013-03-01,"unknown","W","Unknown","D","U",38.7,"j","U",2013
"661",2013-03-01,"unknown","W","Unknown","D","M",54.7,"j","N",2013
"662",2013-03-01,"unknown","W","Unknown","D","F",46.9,"j","N",2013
"663",2013-10-01,"human","W","Hook/line","A","U",NA,NA,"U",2013
"664",2013-10-01,"unknown","W","Unknown","D","F",56.4,"j","N",2013
"665",2014-04-01,"unknown","W","Unknown","A","F",56.9,"j","N",2014
"666",2014-04-01,"unknown","W","Unknown","D","M",40.5,"j","N",2014
"667",2014-12-01,"unknown","W","Unknown","D","U",49,"j","N",2014
"668",2014-06-01,"natural","W","Shark attack","A","M",66,"s","N",2014
"669",2014-06-01,"natural","W","Shark attack","D","U",NA,NA,"N",2014
"670",2014-06-01,"unknown","W","Unknown","D","M",60.4,"j","N",2014
"671",2014-06-01,"unknown","W","Unknown","D","M",68.1,"s","N",2014
"672",2014-03-01,"unknown","W","Unknown","D","F",49.8,"j","N",2014
"673",2015-05-01,"unknown","W","Unknown","D","M",56.4,"j","N",2015
"674",2015-04-01,"unknown","W","Unknown","A","U",40.6,"j","N",2015
"675",2015-08-01,"unknown","W","Unknown","D","M",58,"j","N",2015
"676",2015-12-01,"unknown","W","Unknown","D","M",56.3,"j","N",2015
"677",2015-12-01,"unknown","W","Unknown","U","F",39.2,"j","N",2015
"678",2015-02-01,"unknown","W","Unknown","A","U",44.8,"j","N",2015
"679",2015-02-01,"unknown","W","Unknown","A","U",60.1,"j","N",2015
"680",2015-02-01,"unknown","W","Unknown","D","F",57.5,"j","N",2015
"681",2015-01-01,"human","W","Boat impact","D","U",NA,NA,"N",2015
"682",2015-01-01,"unknown","W","Unknown","A","U",42,"j","N",2015
"683",2015-07-01,"unknown","W","Unknown","D","M",54.3,"j","N",2015
"684",2015-06-01,"human","W","Hook/line","A","U",54.199,"j","N",2015
"685",2015-06-01,"unknown","W","Unknown","D","M",45.4,"j","N",2015
"686",2015-06-01,"unknown","W","Unknown","D","U",NA,NA,"U",2015
"687",2015-09-01,"unknown","W","Unknown","D","U",NA,NA,"U",2015
"688",2016-04-01,"unknown","W","Unknown","D","M",35.5,"j","N",2016
"689",2016-04-01,"unknown","W","Unknown","D","M",44.6,"j","N",2016
"690",2016-08-01,"human","W","Hook/line","D","M",83,"a","N",2016
"691",2016-08-01,"unknown","W","Unknown","D","U",NA,NA,"U",2016
"692",2016-12-01,"human","W","Hook/line","D","F",45.4342,"j","N",2016
"693",2016-01-01,"unknown","W","Unknown","A","U",NA,NA,"N",2016
"694",2016-07-01,"unknown","W","Unknown","A","U",NA,NA,"U",2016
"695",2016-06-01,"unknown","W","Unknown","D","M",55.6,"j","N",2016
"696",2016-03-01,"unknown","W","Unknown","D","M",41.2,"j","N",2016
"697",2016-11-01,"human","W","Hook/line","A","F",46.7,"j","N",2016
"698",2016-10-01,"unknown","W","Unknown","D","M",60.4,"j","N",2016
"699",2016-10-01,"unknown","W","Unknown","D","U",54.6555,"j","N",2016
"700",2017-05-01,"natural","W","Shark attack","D","U",NA,NA,"N",2017
"701",2017-05-01,"unknown","W","Unknown","D","U",66.8,"s","N",2017
"702",2017-05-01,"unknown","W","Unknown","D","F",58.1,"j","N",2017
"703",2017-05-01,"unknown","W","Unknown","D","U",57.3945,"j","U",2017
"704",2017-04-01,"unknown","W","Unknown","D","M",49.1,"j","N",2017
"705",2017-08-01,"unknown","W","Unknown","D","F",38.3,"j","N",2017
"706",2017-02-01,"human","W","Boat impact","A","F",40.5,"j","N",2017
"707",2017-01-01,"human","W","Hook/line","A","U",64.6985,"j","N",2017
"708",2017-06-01,"unknown","W","Unknown","D","F",45.4,"j","N",2017
"709",2017-06-01,"unknown","W","Unknown","D","U",22.244,"j","N",2017
"710",2017-10-01,"human","W","Boat impact","A","U",NA,NA,"U",2017
"711",2017-10-01,"unknown","W","Unknown","D","F",46.3,"j","N",2017
"712",2018-05-01,"unknown","W","Unknown","D","F",57.2,"j","N",2018
"713",2018-04-01,"unknown","W","Unknown","D","F",43.2,"j","N",2018
"714",2018-04-01,"unknown","W","Unknown","D","U",40.2,"j","N",2018
"715",2018-08-01,"natural","W","Misc.","D","F",39.6,"j","N",2018
"716",2018-08-01,"natural","W","Shark attack","A","M",62.9,"j","N",2018
"717",2018-08-01,"unknown","W","Unknown","D","F",61.1,"j","N",2018
"718",2018-08-01,"unknown","W","Unknown","D","M",50.5,"j","N",2018
"719",2018-08-01,"unknown","W","Unknown","D","F",46.6,"j","U",2018
"720",2018-02-01,"human","W","Hook/line","A","U",59.2205,"j","N",2018
"721",2018-02-01,"human","W","Hook/line","A","M",54.9,"j","N",2018
"722",2018-02-01,"unknown","W","Unknown","D","F",55.5,"j","N",2018
"723",2018-07-01,"human","W","Hook/line","A","U",43.6995,"j","N",2018
"724",2018-07-01,"human","W","Hook/line","A","F",56.3,"j","N",2018
"725",2018-07-01,"human","W","Hook/line","D","M",58.2,"j","N",2018
"726",2018-07-01,"natural","W","Misc.","D","F",36.5,"j","N",2018
"727",2018-06-01,"unknown","W","Unknown","D","U",41.7,"j","U",2018
"728",2018-06-01,"unknown","W","Unknown","D","U",39.6,"j","U",2018
"729",2018-03-01,"human","W","Boat impact","A","U",63.7,"j","N",2018
"730",2018-03-01,"human","W","Hook/line","A","U",50.5,"j","N",2018
"731",2018-03-01,"unknown","W","Unknown","A","M",48.4,"j","N",2018
"732",2018-11-01,"natural","W","Shark attack","D","F",67.6,"s","N",2018
"733",2018-10-01,"unknown","W","Unknown","D","M",39.2,"j","N",2018
"734",2018-10-01,"unknown","W","Unknown","D","U",NA,NA,"U",2018
"735",2019-04-01,"human","W","Hook/line","D","M",53.8,"j","N",2019
"736",2019-04-01,"human","W","Net","D","U",54.5642,"j","U",2019
"737",2019-04-01,"unknown","W","Unknown","D","M",36.1,"j","U",2019
"738",2019-08-01,"unknown","W","Unknown","D","F",39,"j","N",2019
"739",2019-02-01,"human","W","Hook/line","D","F",36.8,"j","N",2019
"740",2019-02-01,"unknown","W","Unknown","D","M",44.4,"j","N",2019
"741",2019-01-01,"unknown","W","Unknown","A","U",53,"j","N",2019
"742",2019-07-01,"human","W","Hook/line","A","U",61.3,"j","U",2019
"743",2019-06-01,"natural","W","Shark attack","A","M",NA,NA,"U",2019
"744",2019-06-01,"unknown","W","Unknown","D","F",NA,NA,"U",2019
"745",2019-06-01,"unknown","W","Unknown","D","U",39.2,"j","U",2019
"746",2019-03-01,"unknown","W","Unknown","A","U",35,"j","N",2019
"747",2019-11-01,"unknown","W","Unknown","A","U",38.5,"j","N",2019
"748",2019-10-01,"unknown","W","Unknown","D","M",50.1,"j","U",2019
"749",2019-09-01,"natural","W","Misc.","D","M",65.5,"s","U",2019
"750",2019-09-01,"unknown","W","Unknown","D","M",45.1,"j","N",2019
"751",2019-09-01,"unknown","W","Unknown","A","U",48.3,"j","U",2019
"752",2020-01-01,"human","W","Hook/line","A","U",54.9,"j","N",2020
"753",2020-03-01,"unknown","W","Unknown","D","M",58.2,"j","U",2020
"754",2020-10-01,"human","W","Hook/line","D","F",74.7,"s","U",2020
